Sample ID	Sex	X1804870	X1763221	X1815798	X1741368	X1756242	X1796459	X1753896	X1811457	X1803739	X1735404	X1803736	X1780930	X1825282	X1732388	X1806670	X1732741	X1803664	X1732738	X1730435	X1818809
S001	F	G/A	G/A	G/G	C/C	G/G	C/T	C/T	G/A	G/G	T/A	G/G	G/G	A/A	T/T	C/C	T/C	T/C	C/T	T/C	T/C
S002	M	G/G	G/G	G/A	C/T	G/T	C/C	C/C	G/G	G/A	T/T	G/T	G/A	A/A	C/T	C/T	T/T	T/C	C/C	T/T	T/T
S003	F	G/A	G/A	G/G	C/T	G/G	C/T	C/T	G/A	G/G	A/A	G/G	G/A	A/A	C/T	C/C	C/C	T/C	T/T	T/C	T/C
S004	M	G/G	G/A	G/A	C/T	G/G	C/C	C/T	G/G	G/A	T/T	G/T	G/A	G/G	C/C	C/T	C/C	T/C	T/T	T/C	T/C
S005	M	G/G	G/G	G/A	C/T	G/T	C/C	C/C	G/G	G/A	T/T	G/T	G/A	A/A	C/T	C/T	T/T	T/C	C/C	T/T	T/T
S006	M	G/G	G/G	G/A	C/T	G/T	C/C	C/C	G/G	G/A	T/T	G/T	G/A	A/G	C/T		T/T	T/C	C/C		T/T
S007	F	G/A		G/A	C/C	G/T	C/T	T/T	G/A	G/G	T/A	G/G	G/G	G/G	C/T	C/T	T/C	C/C	C/T	C/C	T/C
S008	F	G/A	G/A	G/G	C/C	G/G	C/T	C/T	G/A	G/G	A/A	G/G	G/A	A/A	T/T	C/C	T/C	T/C	C/T	T/C	T/C
S009	F	G/A	G/A	G/G	C/C	G/G	C/T	C/T	G/A	G/G	A/A	G/G	G/A	A/A	T/T	C/C	T/C	T/C	C/T	T/C	T/C
S010	M	G/G	G/G	A/A	C/T	G/G	C/C	C/C	G/A	G/A	T/T	G/T	G/G	A/G	C/C	C/C	T/T	T/C	C/C	T/C	T/T
S011	F	A/A		G/G	C/T	G/G	C/T	T/T	G/G	G/A	T/T	G/T	A/A	A/A	C/T	C/T	T/T	T/T	C/C	T/C	T/C
S012	F	G/A	G/A	G/G	C/C	G/G	C/T	C/T	G/A	G/G	T/A	G/G	G/G	A/A	T/T	C/C	T/C	T/C	C/T	T/C	T/C
S013	F	G/A		G/G	C/C	G/G	T/T	C/T	A/A	G/G	A/A	G/G	G/G	A/A	T/T	C/C	T/C	T/T	C/T	T/C	T/C
S014	M	G/G	G/A	G/A	C/T	G/G	C/C	C/C	A/A	G/G	T/T	G/G	G/G	G/G	C/C	C/T	T/T	T/C	C/C	T/C	T/C
S015	F	G/A	G/A	G/A	C/C	G/G	C/C	C/T	G/A	G/G	T/A	G/G	G/G	A/A	C/C	C/C	T/C	T/T	C/T	T/C	T/T
S016	F	G/A		G/G	C/C	G/G	C/T	C/T	G/A	G/G	T/A	G/G	G/G	A/A	T/T	C/C	T/C	T/C	C/T	T/C	T/C
S017	F	G/A	A/A	G/A	C/C	G/G	C/C	C/T	G/A	G/G	T/A	G/G	G/G	A/G	C/C	C/C	T/C	T/T		T/C	T/C
S018	M	G/G	G/A	G/A	C/T	G/G	C/C	C/T	G/G	G/A	T/T	G/T	G/A	G/G	C/C	C/T	C/C	T/C	T/T	T/C	T/C
S019	F	G/A	A/A	G/A	C/C	G/G	C/T	C/T	G/A	G/G	T/A	G/G	G/G	A/G	T/T	T/T	T/T	T/T	C/C	T/T	T/C
S020	M	G/G	G/A	G/A	C/T	G/G	C/C	C/T	G/G	G/A	T/T	G/T	G/A	G/G	C/C	C/T	C/C	T/C	T/T	T/C	T/C
S021	M	G/G	A/A	G/A	C/T	G/G	C/C	C/C	A/A	G/G	T/A	G/G	G/G	G/G	C/T	C/T	T/T	T/C	C/C	T/T	T/C
S022	M	G/G	G/G	G/A	C/C	G/T	C/C	T/T	G/G	G/G	A/A	G/G	A/A	A/G	C/T	C/C	T/T	C/C	C/C	T/T	T/T
S023	F	G/A		G/A	C/C	G/G	C/T	C/T	G/A	G/G	T/T	G/G	G/G	G/G	C/T	T/T	T/T	T/T	C/C	T/C	T/C
S024	F	G/A	G/A	G/G	C/C	G/G	C/T	C/T	G/A	G/G	A/A	G/G	G/A	A/A	T/T	C/C	T/C	T/C	C/T	T/C	T/C
S025	F	G/A	A/A	G/G	C/C	G/G	T/T	C/T	A/A	G/G	A/A	G/G	G/G	A/A	T/T	C/C	T/C	T/T	C/T	T/C	T/C
S026	M	G/G		G/A	C/C	G/G	C/T	C/C	G/A	G/A	T/T	G/T	G/G		C/T	C/C	T/C		C/T	T/C	T/C
S027	M	G/G	G/G	G/A	C/T	G/G	C/C	C/C	G/G	G/A	T/T	G/T	G/A	A/G	C/C	C/T	C/C	T/C	T/T	T/C	T/T
S028	M	G/G	G/G	G/A	C/T	G/T	C/C	C/C	G/G	G/A	T/T	G/T	G/A	A/G	C/T		T/T	T/C	C/C		T/T
S029	F	G/G	G/A	G/A	C/T	G/G	C/C	C/C	A/A	G/G	T/T	G/G	G/G	A/G	C/C	C/T	T/T	T/T	C/C	T/C	T/C
S030	M	G/G	G/G	G/A	C/T	G/T	C/C	C/C	G/G	G/A	T/T	G/T	G/A	A/A	C/T	C/T	T/T	T/C	C/C	T/T	T/T
S031	F	G/A	G/A	G/G	C/C	G/G	C/T	C/T	A/A	G/G	A/A	G/G	G/A	A/A	C/T	C/C	C/C	T/C	T/T	T/C	T/C
S032	M	G/G	G/A	G/A	C/T	G/G	C/C	C/C	A/A	G/G	T/A	G/G	G/G	G/G	C/T	C/T	T/T	T/C	C/C	T/T	T/C
S033	M	G/G	G/A	G/A	C/T	G/G	C/C	C/C	A/A	G/G	T/A	G/G	G/G	A/G	C/T	C/T	T/T	T/C	C/C	T/T	T/C
S034	F	G/A	A/A	G/G	C/T	G/G	T/T	C/T	A/A	G/G	A/A	G/G	G/G	A/A	C/T	C/C	C/C	T/T	T/T	T/C	T/C
S035	M	G/G	G/A	G/A	C/T	G/G	C/C	C/T	G/G	G/A	T/T	G/T	G/A	G/G	C/C	C/T	C/C	T/C	T/T	T/C	T/C
S036	F	G/A	G/A	G/G	C/C	G/G	C/T	C/T	G/A	G/G	A/A	G/G	G/A	A/G	T/T	C/C	T/C	T/C	C/T	T/C	T/C
S037	F	G/A	G/A	G/G	C/C	G/G	C/T	C/T	G/A	G/G	T/A	G/G	G/G	A/A	T/T	C/C	T/C		C/T	T/C	T/C
S038	F	G/A	G/A	G/G	C/C	G/G	C/T	C/T	G/A	G/G	T/A	G/G	G/G	A/A	T/T	C/C	T/C	T/C	C/T	T/C	T/C
S039	F	G/A		G/G	C/C	G/G	C/C	C/T	G/G	G/G	T/A	G/G	G/G	A/G	C/C	C/T	T/T	T/T	C/C	T/T	T/T
S040	M	G/G	G/G	G/A	C/T	G/G	C/C	C/C	G/G	G/A	T/T	G/T	G/A	A/G	C/C	C/T	C/C	T/C	T/T	T/C	T/T
S041	F	G/A		G/G	C/C	G/G	C/T	C/T	G/G	A/A	T/T	T/T	G/A	A/G	C/C	C/T	T/C	C/C	C/T	T/C	T/C
S042	F	G/A	G/A	G/G	C/C	G/G	C/T	C/T	G/A	G/G	T/A	G/G	G/G		T/T	C/C	T/C	T/C	C/T	T/C	T/C
S043	F	G/A	G/A	G/G	C/C	G/G	C/T	C/T	G/A	G/G	T/A	G/G	G/G	A/A	T/T	C/C	T/C	T/C	C/T	T/C	T/C
S044	F	G/A	G/A	G/G	C/C	G/G	C/T	C/T	G/A	G/G	T/A	G/G	G/G	A/A	T/T	C/C	T/C	T/C	C/T	T/C	T/C
S045	F	G/A	G/A	G/G	C/C	G/G	C/T	C/T	G/A	G/G	T/A	G/G	G/G	A/A	T/T	C/C	T/C	T/C	C/T	T/C	T/C
S046	F	G/A	A/A	G/A	C/C	G/G	C/T	C/T	G/A	G/G	T/A	G/G	G/G	A/G	T/T	T/T	T/T	T/T	C/C	T/T	T/C
S047	F	A/A		G/G	C/C	G/G	C/C	C/T	G/G	G/G	A/A	G/G	A/A	A/G	C/C	C/T	C/C	T/T	T/T	T/C	T/T
S048	F	G/A	G/A	G/G	C/C	G/G	C/T	C/T	G/A	G/G	T/A	G/G	G/G	A/A	T/T	C/C	T/C	T/C	C/T	T/C	T/C
S049	M	G/G	G/G	G/A	C/C	G/T	C/C	T/T	G/G	G/G	A/A	G/G	A/A	A/G	C/C	C/C	T/C	C/C	C/T	T/T	T/T
S050	F	G/A	G/A	A/A	C/C	G/G	C/T	C/T	G/G	G/A	T/A	G/T	G/G	A/A	T/T	C/T	T/T	T/T	C/C	T/T	T/T
S051	M	G/G	G/G	G/A	C/T	G/T	C/C	C/C	G/G	G/A	T/T	G/T	G/A	A/A	C/T	C/T	T/T	T/C	C/C	T/T	T/T
S052	F	G/A	G/A	G/G	C/C	G/G	C/T	C/T	G/A	G/G	A/A	G/G	G/A	A/A	T/T	C/C	T/C	T/C	C/T	T/C	T/C
S053	M	G/A	G/A	G/G	C/C	G/G	C/T	C/T	G/A	G/G	T/A	G/G	G/G	A/A	T/T	C/C	T/C	T/C	C/T	T/C	T/C
S054	F	G/A	G/A	G/G	C/C	G/G	C/T	C/T	G/A	G/G	T/A	G/G	G/G	A/A	T/T	C/C	T/C	T/C	C/T	T/C	T/C
S055	F	G/A	A/A	G/A	C/C	G/G	C/T	C/T	G/A	G/G	T/T	G/G	G/G	A/G	C/T	T/T	T/T	T/T	C/C	T/C	T/C
S056	F	G/A	A/A	G/G	C/T	G/G	T/T	C/T	A/A	G/G	A/A	G/G	G/G	A/A	C/T	C/C	C/C	T/T	T/T	T/C	T/C
S057	M	G/G	G/G	G/A	C/T	G/T	C/C	C/C	G/G	G/A	T/T	G/T	G/A	A/G	C/T	C/T	T/T	T/C	C/C	T/T	T/T
S058	F	G/A	G/A	G/G	C/C	G/G	C/T	C/T	G/A	G/G	A/A	G/G	G/A	A/A	T/T	C/C	T/C	T/C	C/T	T/C	T/C
S059	F	G/A	G/A	G/A	C/C	G/G	C/C	C/C	G/A	G/G	T/A	G/G	G/G	A/A	C/C	C/C	T/C	T/T	C/T	T/C	T/T
S060	F	G/A	G/A	G/G	C/C	G/G	C/T	C/T	G/A	G/G	T/A	G/G	G/G	A/A	T/T	C/C	T/C	T/C	C/T	T/C	T/C
S061	M	G/G	G/G	G/A	C/T	G/T	C/C	T/T	G/G	G/G	A/A	G/G	A/A	A/G	C/C	C/C	T/C	C/C	C/T	T/T	T/T
S062	M	G/G	G/G	G/A	C/T	G/T	C/C	C/C	G/G	G/A	T/T	G/T	G/A	A/G	C/T	C/T	T/T	T/C	C/C	T/T	T/T
S063	F	G/A	G/G	A/A	C/C	G/G	C/T	C/T	G/G	G/A	T/T	G/T	G/G	A/A	C/T	C/T	T/T	T/T	C/C	T/C	T/T
S064	M	G/G	G/G	G/A	C/T	G/T	C/C	C/C	G/G	G/A	T/T	G/T	G/A	A/G	C/T	C/T	T/T	T/C	C/C	T/T	T/T
S065	M	G/G	G/A	G/A	C/T	G/T	C/T	T/T	G/A	G/G	A/A	G/G	G/A	A/G	C/T	C/C	T/T	T/C	C/C	T/T	T/T
S066	M	G/G	G/G	G/A	C/C	G/T	C/C	T/T	G/G	G/G	A/A	G/G	A/A	A/G	C/T	C/C	T/T	C/C	C/C	T/T	T/T
S067	F	G/G	G/G	G/G	C/C	G/G	C/C	C/C	G/G	G/G	T/T	G/G	G/G	A/A	T/T	C/C	T/T	T/T	C/C	T/T	T/T
S068	F	G/A	A/A	G/G	C/T	G/G	T/T	C/T	A/A	G/G	A/A	G/G	G/G	A/A	C/T	C/C	C/C	T/T	T/T	T/C	T/C
S069	M	G/G	G/G	G/A	C/T	G/T	C/C	C/C	G/G	G/A	T/T	G/T	G/A	A/G	C/T	C/T	T/T	T/C	C/C	T/T	T/T
S070	F	G/A	G/A	G/G	C/C	G/G	C/T	C/T	G/A	G/G	A/A	G/G	G/A	A/A	C/T	C/C	C/C	T/C	T/T	T/C	T/C
S071	F	G/A		G/A	C/C	G/G	T/T			G/G	T/A	G/G	G/A		C/T	C/T	T/T		C/C	T/C	T/C
S072	F	G/A	G/A	G/G	C/C	G/G	C/T	C/T	G/A	G/G	T/A	G/G	G/G	A/A	T/T	C/C	T/C	T/C	C/T	T/C	T/C
S073	F	G/A	A/A	G/A	C/C	G/G	C/C	C/T	G/A	G/G	T/A	G/G	G/G	A/G	C/C	C/C	T/C	T/T	C/T	T/C	T/C
S074	M	G/G	G/G	G/A	C/C	G/T	C/C	T/T	G/G	G/G	A/A	G/G	A/A	A/G	C/T	C/C	T/T	C/C	C/C	T/T	T/T
S075	F	G/A	G/A	G/G	C/C	G/G	C/T	C/T	G/A	G/G	T/A	G/G	G/G	A/A	T/T	C/C	T/C	T/C	C/T	T/C	T/C
S076	F	G/A	G/A	G/G	C/C	G/G	C/T	C/T	G/A	G/G	T/A	G/G	G/G	A/A	T/T	C/C	T/C	T/C	C/T	T/C	T/C
S077	M	G/G		G/A	C/T	G/G	C/C	C/C	A/A	G/G	T/T	G/G	G/G	G/G	C/C	C/T	T/T	T/C	C/C	T/C	T/C
S078	M	G/G	G/G	G/A	C/T	G/T	C/C	C/C	G/G	G/A	T/T	G/T	G/A	A/G	C/T	C/T	T/T	T/C	C/C	T/T	T/T
S079	F	G/A		G/G	C/C	G/G	C/C	C/T	G/A	G/A	T/T	G/T	G/A	A/A	C/T	C/C	T/C	T/T	C/T	T/C	T/T
S080	F	G/A	G/A	G/A	C/C	G/G	C/T	C/T	G/A	G/G	T/A	G/G	G/G	A/G	T/T	T/T	T/T	T/T	C/C	T/T	T/C
S081	F	G/A	G/A	G/G	C/T	G/G	C/T	C/T	G/A	G/G	A/A	G/G	G/A	A/A	C/T	C/C	C/C	T/C	T/T	T/C	T/C
S082	M	G/G	G/A	G/A	C/T	G/G	C/C	C/T	G/A	G/A	T/T	G/T	G/A	A/G	C/C	C/T	C/C	T/C	T/T	T/C	T/C
S083	M	G/G	G/A	G/A	C/T	G/T	C/T	T/T	G/A	G/G	A/A	G/G	G/A	A/G	C/C	C/C	T/C	T/C	C/T	T/T	T/T
S084	F	G/A	A/A	G/G	C/T	G/G	T/T	C/T	A/A	G/G	A/A	G/G	G/G	A/A	C/T	C/C	C/C	T/T	T/T	T/C	T/C
S085	F	G/A	G/A	A/A	C/C	G/G	C/T	C/T	G/G	G/A	T/A	G/T	G/G	A/A	T/T	C/T	T/T	T/T	C/C	T/T	T/T
S086	F	G/A		G/G	C/C	G/G	C/T	C/T	G/A	G/G	T/A	G/G	G/G	A/A	T/T	C/C	T/C	T/C	C/T	T/C	T/C
S087	M	G/G	G/G	G/A	C/T	G/T	C/C	C/C	G/G	G/A	T/T	G/T	G/A	A/G	C/T	C/T	T/T	T/C	C/C	T/T	T/T
S088	F	G/A	G/A	G/G	C/T	G/G	T/T	C/T	A/A	G/G	A/A	G/G	G/G	A/A	C/T	C/C	C/C	T/T	T/T	T/C	T/C
S089	M	G/G	G/G	G/A	C/C	G/T	C/C	T/T	G/G	G/G	A/A	G/G	A/A	A/G	C/C	C/C	T/C	C/C	C/T	T/T	T/T
S090	M	G/G	G/G	G/A	C/T	G/T	C/C	C/C	G/G	G/A	T/T	G/T	G/A	A/G	C/T	C/T	T/T	T/C	C/C	T/T	T/T
S091	F	G/A	G/A	G/G	C/C	G/G	C/T	C/T	G/A	G/G	T/A	G/G	G/G	A/A	T/T	C/C	T/C	T/C	C/T	T/C	T/C
S092	M	G/G	G/A	A/A	C/T	G/G	C/C	C/C	G/A	G/A	T/T	G/T	G/G	A/G	C/C	C/C	T/T	T/C	C/C	T/C	T/T
S093	F	G/A	A/A	G/G	C/C	G/G	T/T	C/T	A/A	G/G	A/A	G/G	G/G	A/A	T/T	C/C	T/C	T/T	C/T	T/C	T/C
S094	F	G/A	A/A	G/A	C/C	G/G	C/C	C/T	G/A	G/G	T/A	G/G	G/G	A/G	C/C	C/C	T/C	T/T	C/T	T/C	T/C
S095	F	G/A	G/A	A/A	C/C	G/G	C/T	C/T	G/G	G/A	T/T	G/T	G/G	A/A	C/T	C/T	T/T	T/T	C/C	T/C	T/T
S096	F	G/A	A/A	G/A	C/C	G/G	C/C	C/T	G/A	G/G	T/A	G/G	G/G	A/G	C/C	C/C	T/C	T/T	C/T	T/C	T/C
S097	M	G/G	G/G	G/A	C/T	G/G	C/C	C/C	G/G	G/A	T/T	G/T	G/A	A/G	C/C	C/T	C/C	T/C	T/T	T/C	T/T
S098	M	G/G		G/A	C/T	G/T	C/C	C/C	A/A	G/G	T/T	G/G	G/G	A/G	C/T	C/T	T/T	T/C	C/C	T/C	T/C
S099	F	G/A	G/A	G/G	C/C	G/G	C/T	C/T	G/A	G/G	T/A	G/G	G/G	A/G	T/T	C/C	T/C	T/C	C/T	T/C	T/C
S100	F	G/A	G/A	G/G	C/C	G/G	C/T	C/T	G/A	G/G	T/A	G/G	G/G	A/G	T/T	C/C	T/C	T/C	C/T	T/C	T/C
S101	M	G/G	G/A	G/A	C/T	G/G	C/C	C/T	G/A	G/A	T/T	G/T	G/A	A/G	C/C	C/T	C/C	T/C	T/T	T/C	T/C
S102	F	G/A	G/A	G/A	C/T	G/T	C/T	C/T	G/A	G/A	T/A	G/T	G/A	A/G	C/T	C/T	T/C	C/C	C/T	T/C	T/C
S103	M	G/G	G/A	G/A	C/T	G/T	C/T	T/T	G/A	G/G	A/A	G/G	G/A	A/G	C/C	C/C	T/C	T/C	C/T	T/T	T/T
S104	M	G/G	G/G	G/A	C/C	G/T	C/C	T/T	G/G	G/G	A/A	G/G	A/A	A/G	C/T	C/C	T/T	C/C	C/C	T/T	T/T
S105	M	G/G	G/G	A/A	C/T	G/G	C/C	C/C	G/A	G/A	T/T	G/T	G/G	A/A	C/C	C/C	T/T	T/C	C/C	T/C	T/T
S106	F	G/A	A/A	G/G	C/T	G/G	T/T	C/T	A/A	G/G	A/A	G/G	G/G	A/A	T/T	C/C	T/C	T/T	C/T	T/C	T/C
S107	F	A/A		G/A	C/C	G/T	C/C	C/T	G/G	G/G	T/A	G/G	G/G	A/A	C/T	C/C	T/T	T/C	C/C	T/C	C/C
S108	F	G/A	A/A	G/A	C/C	G/G	C/C	C/T	G/A	G/G	T/A	G/G	G/G	A/G	C/C	C/C	T/C	T/T	C/T	T/C	T/C
S109	F	G/A	G/A	G/G	C/C	G/G	C/T	C/T	G/A	G/G	T/A	G/G	G/G	A/A	T/T	C/C	T/C	T/C	C/T	T/C	T/C
S110	F	G/A	G/A	G/G	C/C	G/G	C/T	C/T	G/A	G/G	A/A	G/G	G/A	A/G	T/T	C/C	T/C	T/C	C/T	T/C	T/C
S111	F	G/A		G/G	C/C	G/G	C/T	T/T	G/A	G/G	A/A	G/G	G/G	A/A	C/T	C/T	T/T	T/C	C/C	C/C	C/C
S112	M	G/G	G/G	G/A	C/T	G/T	C/C	C/C	G/G	G/A	T/T	G/T	G/A	A/G	C/T	C/T	T/T	T/C	C/C	T/T	T/T
S113	F	G/A		G/G	C/C	G/G	C/T	C/C	A/A	G/G	T/T	G/G	G/G	A/A	C/T	C/C	T/C	C/C	C/T	T/T	T/C
S114	F	G/A	G/A	G/G	C/C	G/G	C/T	C/T	G/A	G/G	T/A	G/G	G/G	A/A	T/T	C/C	T/C	T/C	C/T	T/C	T/C
S115	F	G/A	G/A	G/A	C/C	G/G	C/C	C/T	G/A	G/G	T/A	G/G	G/G	A/A	C/C	C/C	T/C	T/T	C/T	T/C	T/T
S116	F	G/A	G/A	G/G	C/C	G/G	C/T	C/T	G/A	G/G	T/A	G/G	G/G	A/G	T/T	C/C	T/C	T/C	C/T	T/C	T/C
S117	M	G/G	G/G	G/A	C/T	G/T	C/C	C/C	G/G	G/A	T/T	G/T	G/A	A/G	C/T	C/T	T/T		C/C	T/T	T/T
S118	F	G/A	G/A	G/G	C/C	G/G	C/T	C/T	G/A	G/G	T/A	G/G	G/G	A/G	T/T	C/C	T/C	T/C	C/T	T/C	T/T
S119	M	G/G	G/G	G/A	C/C	G/T	C/C	T/T	G/G	G/G	A/A	G/G	A/A	A/G	C/T	C/C	T/T	C/C	C/C	T/T	T/T
S120	F	G/A		G/A	C/C	G/G	C/C	C/C	G/A	G/A	T/T	G/T	G/G	G/G	C/C	C/T	T/T	T/C	C/C	T/C	C/C
S121	F	G/A	G/A	G/G	C/C	G/G	C/T	C/T	G/A	G/G	T/A	G/G	G/G	A/G	T/T	C/C	T/C	T/C	C/T	T/C	T/T
S122	M	G/G	G/G	G/A	C/T	G/G	C/C	C/C	G/G	G/A	T/T	G/T	G/A	A/G	C/C	C/T	C/C	T/C	T/T	T/C	T/T
S123	M	G/G	G/G	G/A	C/T	G/G	C/C	C/T	G/G	G/A	T/T	G/T	G/A	A/G	C/C	C/T	C/C	T/C	T/T	T/C	T/C
S124	M	G/G	G/A	G/A	C/T	G/G	C/C	C/C	A/A	G/G	T/T	G/G	G/G	G/G	C/C	C/T	T/T	T/C	C/C	T/C	T/C
S125	M	G/G		G/G	C/C	G/G	C/T	T/T	G/G	G/G	T/A	G/G	G/G	A/A	C/T	C/C	T/T	T/C	C/C	T/T	T/C
S126	F	G/A	A/A	G/A	C/C	G/G	C/C	C/T	G/A	G/G	T/A	G/G	G/G	G/G	C/C	C/C	T/C	T/T	C/T	T/C	T/C
S127	F	G/A	A/A	G/A	C/C	G/G	C/C	C/T	G/A	G/G	T/A	G/G	G/G	G/G	C/C	C/C	T/C	T/T	C/T	T/C	T/C
S128	F	G/A	G/A	G/G	C/C	G/G	C/T	C/T	G/A	G/G	T/A	G/G	G/G	A/A	T/T	C/C	T/C	T/C	C/T	T/C	T/C
S129	F	G/A	G/A	A/A	C/C	G/G	C/T	C/T	G/G	G/A	T/T	G/T	G/G	A/A	C/T	C/T	T/T	T/T	C/C	T/C	T/T
S130	M	G/G	G/A	G/A	C/T	G/G	C/C	C/T	G/G	G/A	T/T	G/T	G/A	G/G	C/C	C/T	C/C	T/C	T/T	T/C	T/C
S131	F	G/A	G/A	G/G	C/C	G/G	C/T	C/T	G/A	G/G	T/A		G/G	A/G	T/T	C/C	T/C	T/C	C/T	T/C	T/C
S132	F	G/A	G/A	G/G	C/C	G/G	C/T	C/T	G/A	G/G	A/A	G/G	G/A	A/A	C/T	C/C	C/C	T/C	T/T	T/C	T/C
S133	F	G/A	G/A	G/G	C/C	G/G	C/T	C/T	G/A	G/G	T/A	G/G	G/G	A/A	T/T	C/C	T/C	T/C	C/T	T/C	T/C
S134	M	G/G	G/G	G/A	C/T	G/T	C/C	C/C	G/G	G/A	T/T	G/T	G/A	A/A	C/T	C/T	T/T	T/C	C/C	T/T	T/T
S135	M	G/G	G/A	G/A	C/T	G/T	C/T	T/T	G/A	G/G	A/A	G/G	G/A	A/G	C/T	C/C	C/C	T/C	T/T	T/C	T/T
S136	M	G/G	G/A	G/A	C/T	G/T	C/T	T/T	G/A	G/G	A/A	G/G	G/A	A/G	C/T	C/C	C/C	T/C	T/T	T/C	T/T
S137	M	G/G	G/G	G/A	C/T	G/T	C/C	C/C	G/G	G/A	T/T	G/T	G/A	A/G	C/T	C/T	T/T	T/C	C/C	T/T	T/T
S138	M	G/G	G/G	G/A	C/T	G/T	C/C	C/C	G/G	G/A	T/T	G/T	G/A	A/G	C/T	C/T	T/T	T/C	C/C	T/T	T/T
S139	F	G/A	A/A	G/G	C/T	G/G	T/T	C/T	A/A	G/G	A/A	G/G	G/G	A/A	C/T	C/C	C/C	T/T	T/T	T/C	T/C
S140	F	G/A	G/A	G/G	C/C	G/G	C/T	C/T	G/A	G/G	A/A	G/G	G/A	A/G	T/T	C/C	T/C	T/C	C/T	T/C	T/C
S141	M	G/G	G/G	A/A	C/T	G/G	C/C	C/C	G/A	G/A	T/A	G/T	G/G	A/G	C/T	C/C	T/T	T/C	C/C	T/T	T/T
S142	F	G/A	G/A	A/A		G/G	C/T	C/T	G/G		T/A		G/G		T/T	C/T	T/T	T/T	C/C	T/C	T/T
S143	M	G/G	G/G	G/A	C/T	G/G	C/C	C/C	G/G	G/A	T/T	G/T	G/A	A/A	C/T		T/T	T/C	C/C	T/T	T/T
S144	F	G/A		G/A	C/C	G/G	C/C	C/T	G/A	G/G	T/A	G/G	G/G	G/G	C/C	C/C	T/C	T/T	C/T	T/C	T/C
S145	F	G/A		G/A	C/C	G/T	C/T	C/C	G/A	G/A	T/T	G/T	G/G	A/G	C/T	C/C	T/C	T/C	C/T	T/C	T/C
S146	F	G/A	A/A	G/G	C/T	G/G	T/T	C/T	A/A	G/G	A/A	G/G	G/G	A/A	C/T	C/C	C/C	T/T	T/T	T/C	T/C
S147	F	G/A		G/G	C/C	G/G	C/C	C/T	G/A	G/A	T/T	G/T	G/A	A/A	C/T	C/C	T/C	T/T	C/T	T/C	T/T
S148	M	A/A		G/A	C/C	G/G	C/C	C/T	G/A	G/G	T/T	G/G	G/G		C/T	C/T	T/C	T/C	C/T	T/C	T/T
S149	M	G/G	G/G	G/A	C/T	G/T	C/C	C/C	G/G	G/A	T/T	G/T	G/A	A/G	C/T	C/T	T/T	T/C	C/C	T/T	T/T
S150	M	G/G	G/G	G/A	C/T	G/T	C/C	C/C	G/G	G/A	T/T	G/T	G/A	A/G	C/T	C/T	T/T		C/C	T/T	T/T
S151	F	G/A	G/A	G/G	C/C	G/G	C/T	C/T	G/A	G/G	T/A	G/G	G/G	A/A	T/T	C/C	T/C	T/C	C/T	T/C	T/C
S152	M	G/G	G/A	G/A	C/T	G/T	C/T	T/T	G/A	G/G	A/A	G/G	G/A	A/G	C/C	C/C	T/C	T/C	C/T	T/T	T/T
S153	M	G/G	G/A	G/A	C/T	G/G	C/C	C/T	G/G	G/A	T/T	G/T	G/A	G/G	C/C	C/T	C/C	T/C	T/T	T/C	T/C
S154	F	G/A	G/A	G/G	C/C	G/G	C/T	C/T	G/A	G/G	A/A	G/G	G/A	A/A	T/T	C/C	T/C	T/C	C/T	T/C	T/C
S155	M	G/G	G/G	G/A	C/C	G/T	C/C	T/T	G/G	G/G	A/A	G/G	A/A	A/G	C/T	C/C	T/T	C/C	C/C	T/T	T/T
S156	M	G/G	G/A	G/A	C/T	G/G	C/C	C/T	G/G	G/A	T/T	G/T	G/A	G/G	C/C	C/T	C/C	T/C	T/T	T/C	T/C
S157	M	G/G	G/A	G/A	C/T	G/G	C/C	C/T	G/G	G/A	T/T	G/T	G/A	G/G	C/C	C/T	C/C	T/C	T/T	T/C	T/C
S158	M	G/G	G/G	G/A	C/T	G/T	C/C	T/T	G/G	G/G	A/A	G/G	A/A	A/G	C/C	C/C	T/C	C/C	C/T	T/T	T/T
S159	M	G/A		G/A	C/C	G/G	C/C	C/T	G/A	G/G	T/A	G/G	G/G	A/G	C/C	C/C	T/C	T/T	C/T	T/C	T/C
S160	M	G/G	G/G	G/G	C/T	G/T	C/C	C/C	G/A	G/A	T/T	G/T	G/A	A/A	C/T	C/T	T/T	T/C	C/C	T/T	T/C
S161	M	G/G	G/G	G/A	C/T	G/T	C/C	C/C	G/G	G/A	T/T	G/T	G/A	A/G	C/T	C/T	T/T	T/C	C/C	T/T	T/T
S162	F	G/A	G/A	G/G	C/T	G/G	C/T	C/T	G/A	G/G	A/A	G/G	G/A	A/A	C/T	C/C	C/C	T/C	T/T	T/C	T/C
S163	M	G/G	G/G	G/A	C/T	G/T	C/C	C/C	G/G	G/A	T/T	G/T	G/A	A/G	C/T	C/T	T/T	T/C	C/C	T/T	T/T
S164	F	G/A	G/A	G/G	C/C	G/G	C/T	C/T	G/A	G/G	A/A	G/G	G/A	A/A	T/T	C/C	T/C	T/C	C/T	T/C	T/C
S165	M	G/G		G/A	C/C	G/G	C/T	C/T	G/G	G/A	A/A	G/T	A/A	G/G	C/T	C/T	T/T	T/C	C/C	T/T	T/C
S166	F	G/A		A/A	C/C	G/T	C/C	C/C	G/A	G/G	T/A	G/G	G/G	G/G	C/T	C/C	T/C	T/C	C/T	T/T	T/C
S167	M	G/G	G/G	G/A	C/T	G/T	C/C	C/C	G/G	G/A	T/T	G/T	G/A	A/G	C/T	C/T	T/T	T/C	C/C	T/T	T/T
S168	M	G/G	G/G	G/A	C/T	G/T	C/C	C/C	G/G	G/A	T/T	G/T	G/A	A/G	C/T	C/T	T/T	T/C	C/C	T/T	T/T
S169	F	G/A	G/A	G/G	C/C	G/G	C/T	C/T	G/A	G/G	T/A	G/G	G/G	A/A	T/T	C/C	T/C	T/C	C/T	T/C	T/C
S170	F	G/A	G/A	G/G	C/T	G/T	C/T	T/T	A/A	G/G	A/A	G/G	G/A	A/A	C/C	C/C	T/C	T/T	C/T	T/T	T/C
S171	M	G/G		G/A	C/T	G/G	C/C	C/T	G/G	G/A	T/T	G/T	G/A	G/G	C/C	C/T	C/C	T/C	T/T	T/C	T/C
S172	M	G/G	G/G	G/A	C/C	G/T	C/C	T/T	G/G	G/G	A/A	G/G	A/A	A/G	C/T	C/C	T/T	C/C	C/C	T/T	T/T
S173	F	G/A	G/A	G/G	C/C	G/G	C/T	C/T	G/A	G/G	T/A	G/G	G/G	A/A	T/T	C/C	T/C	T/C	C/T	T/C	T/C
S174	F	G/A	A/A	G/A	C/C	G/G	C/C	C/T	G/A	G/G	T/A	G/G	G/G	A/G	C/C	C/C	T/C	T/T	C/T	T/C	T/C
S175	M	G/G	G/A	G/A	C/T	G/G	C/C	C/C	A/A	G/G	T/T	G/G	G/G	G/G	C/C	C/T	T/T	T/C	C/C	T/C	T/C
S176	M	G/G	G/A	G/A	C/T	G/T	C/T	T/T	G/A	G/G	A/A	G/G	G/A	A/G	C/C	C/C	T/C	T/C	C/T	T/T	T/T
S177	M	G/G	G/G	G/A	C/T	G/T	C/C	C/C	G/G	G/A	T/T	G/T	G/A	A/G	C/T	C/T	T/T	T/C	C/C	T/T	T/T
S178	M	G/G	G/A	G/A	C/T	G/G	C/C	C/C	A/A	G/G	T/T	G/G	G/G	G/G	C/C	C/T	T/T		C/C	T/C	T/C
S179	M	G/G	G/G	G/A	C/T	G/T	C/C	C/C	G/G	G/A	T/T	G/T	G/A	A/G	C/T	C/T	T/T	T/C	C/C	T/T	T/T
S180	M	G/G	G/G	G/A	C/T	G/T	C/C	C/C	G/G	G/A	T/T	G/T	G/A	A/G	C/T	C/T	T/T	T/C	C/C	T/T	T/T
S181	M	G/G	G/G	G/A	C/C	G/T	C/C	T/T	G/G	G/G	A/A	G/G	A/A	A/G	C/T	C/C	T/T	C/C	C/C	T/T	T/T
S182	F	G/A	A/A	G/A	C/C	G/G	C/T	C/T	G/A	G/G	T/T	G/G	G/G	A/G	C/T	T/T	T/T	T/T	C/C	T/C	T/C
S183	F	G/A	A/A	G/G	C/T	G/G	T/T	C/T	A/A	G/G	A/A	G/G	G/G	A/A	C/T	C/C	C/C	T/T	T/T	T/C	T/C
S184	M	G/G	G/G	G/A	C/T	G/T	C/C	C/C	G/G	G/A	T/T	G/T	G/A	A/A	C/T	C/T	T/T	T/C	C/C	T/T	T/T
S185	M	G/G	G/G	G/A	C/T	G/T	C/C	C/C	G/G	G/A	T/T	G/T	G/A	A/G	C/T	C/T	T/T	T/C	C/C	T/T	T/T
S186	F	G/A	A/A	G/A	C/C	G/G	C/T	C/T	G/A	G/G	T/T	G/G	G/G	A/G	C/T	T/T	T/T	T/T	C/C	T/C	T/C
S187	F	G/A	G/A	G/G	C/C	G/G	C/T	C/T	G/A	G/G	A/A	G/G	G/A	A/A	T/T	C/C	T/C	T/C	C/T	T/C	T/C
S188	F	G/A	G/A	G/G	C/C	G/G	C/T	C/T	G/A	G/G	T/A	G/G	G/G	A/A	T/T	C/C	T/C	T/C	C/T	T/C	T/C
S189	F	G/A	G/A	G/G	C/C	G/G	C/T	C/T	G/A	G/G	T/A	G/G	G/G	A/A	T/T	C/C	T/C	T/C	C/T	T/C	T/C
S190	M	G/G	G/G	G/A	C/C	G/T	C/C	T/T	G/G	G/G	A/A	G/G	A/A	A/G	C/C	C/C	T/C	C/C	C/T	T/T	T/T
S191	M	G/G	G/G	G/A	C/T	G/G	C/C	C/T	G/G	G/A	T/T	G/T	G/A	A/G	C/C	C/T	C/C	T/C	T/T	T/C	T/C
S192	M	G/G	G/A	G/A	C/T	G/G	C/C	C/C	A/A	G/G	T/A	G/G	G/G	A/G	C/T	C/T	T/T	T/C	C/C	T/T	T/C
S193	M	G/G	G/G	G/A	C/T	G/T	C/C	C/C	G/G	G/A	T/T	G/T	G/A	A/G	C/T	C/T	T/T	T/C	C/C	T/T	T/T
S194	F	G/A	G/A	G/G	C/C	G/G	C/T	C/T	G/A	G/G	A/A	G/G	G/A	A/A	T/T	C/C	T/C	T/C	C/T	T/C	T/C
S195	F	G/A	A/A	G/G	C/T	G/G	T/T	C/T	A/A	G/G	A/A	G/G	G/G	A/A	C/T	C/C	C/C	T/T	T/T	T/C	T/C
S196	F	G/A	G/A	A/A	C/C	G/G	C/T	C/T	G/G	G/A	T/T	G/T	G/G	A/A	C/T	C/T	T/T	T/T	C/C	T/C	T/T
S197	M	G/G	G/G	G/A	C/C	G/T	C/C	T/T	G/G	G/G	A/A	G/G	A/A	A/G	C/C	C/C	T/C	C/C	C/T	T/T	T/T
S198	M	G/G	G/A	G/A	C/T	G/G	C/C	C/T	G/G	G/A	T/T	G/T	G/A	G/G	C/C	C/T	C/C	T/C	T/T	T/C	T/C
S199	F	G/A		G/G	C/C	G/G	C/C	C/T	G/G	G/G	T/A	G/G	G/G	A/G	C/C	C/T	T/T	T/T	C/C	T/T	T/T
S200	M	G/G	G/G	G/A	C/T	G/T	C/C	C/C	G/G	G/A	T/T	G/T	G/A	A/G	C/T	C/C	T/T	T/T	C/C		T/T
S201	F	G/A	G/A	A/A	C/C	G/G	C/T	C/T	G/G	G/A	T/A	G/T	G/G	A/A	T/T	C/T	T/T	T/T	C/C	T/T	T/T
S202	F	G/A	G/A	G/G	C/C	G/G	C/T	C/T	G/A	G/G	T/A	G/G	G/G	A/A	T/T	C/C	T/C	T/C	C/T	T/C	T/C
S203	F	G/A	A/A	G/A	C/C	G/G	C/C	C/T	G/A	G/G	T/A	G/G	G/G	A/G	C/C	C/C	T/C	T/T	C/T	T/C	T/C
S204	F	G/A	A/A	G/G	C/T	G/G	T/T	C/T	A/A	G/G	A/A	G/G	G/G	A/A	C/T	C/C	C/C	T/T	T/T	T/C	T/C
S205	M	G/G	G/G	G/A	C/C	G/T	C/C	T/T	G/G	G/G	A/A	G/G	A/A	A/A	C/T	C/C	T/T	C/C	C/C	T/T	T/C
S206	F	G/A	A/A	G/A	C/C	G/G	C/C	C/T	G/A	G/G	T/A	G/G	G/G	G/G	C/C	C/C	T/C	T/T	C/T	T/C	T/C
S207	F	G/A	G/A	G/G	C/C	G/G	C/T	C/T	G/A	G/G	A/A	G/G	G/A	A/A	T/T	C/C	T/C	T/C	C/T	T/C	T/C
S208	F	G/A	G/A	G/G	C/C	G/G	C/T	C/T	G/A	G/G	T/A		G/G	A/G	T/T	C/C	T/C	T/C	C/T	T/C	T/C
S209	F	G/A	G/A	G/G	C/C	G/G	C/T	C/T	G/A	G/G	T/A	G/G	G/G	A/A	T/T	C/C	T/C	T/C	C/T	T/C	T/C
S210	F	G/A		G/G	C/C	G/G	C/T	T/T	G/A	G/A	A/A	G/T	G/A	G/G	C/T	C/C	T/C		C/T	T/C	T/C
S211	F	G/A	G/A	G/A	C/C	G/G	C/C	C/C	G/A	G/G	T/A	G/G	G/G	A/A	C/C	C/C	T/C	T/T	C/T	T/C	T/T
S212	M	G/G	G/G	G/A	C/C	G/T	C/C	T/T	G/G	G/G	A/A	G/G	A/A	A/G	C/T	C/C	T/T	C/C	C/C	T/T	T/T
S213	F	G/G	G/A	G/A	C/C	G/G	C/C	C/C	G/A	G/A	T/A	G/T	G/G	A/G	C/T	C/T	T/T	T/T	C/C	T/C	T/C
S214	F	G/A		G/G	C/C	G/G	C/T	T/T	G/A	G/A	A/A	G/T	G/A	G/G	C/T	C/C	T/C		C/T	T/C	T/C
S215	M	G/G	G/G	G/A	C/T	G/T	C/C	C/C	G/G	G/A	T/T	G/T	G/A	A/G	C/T	C/T	T/T	T/C	C/C	T/T	T/T
S216	M	G/G	G/A	G/A	C/T	G/G	C/C	C/T	G/G	G/A	T/T	G/T	G/A	G/G	C/C	C/T	C/C	T/C	T/T	T/C	T/C
S217	F	G/A	G/A	G/A	C/C	G/T	C/T	C/T	G/A	G/G	A/A	G/G	G/A	A/G	C/T	C/C	T/C	T/C	C/T	T/C	T/C
S218	F	G/A	G/A	G/G	C/C	G/G	C/T	C/T	G/A	G/G	T/A	G/G	G/G	A/A	T/T	C/C	T/C	T/C	C/T	T/C	T/C
S219	M	G/G	G/G	G/A	C/T	G/T	C/C	C/C	G/G	G/A	T/T	G/T	G/A	A/A	C/T	C/T	T/T	T/C	C/C	T/T	T/T
S220	F	G/A		G/A	C/C	G/G	C/C	C/T	G/A	G/G	T/A	G/G	G/G	G/G	C/C	C/C	T/C	T/T	C/T	T/C	T/C
S221	M	G/G		G/A	C/T	G/G	C/C	C/C	A/A	G/G	T/T	G/G	G/G	G/G	C/C	C/T	T/T	T/C	C/C	T/C	T/C
S222	M	G/G	G/G	G/A	C/T	G/T	C/C	C/C	G/G	G/A	T/T	G/T	G/A	A/G	C/T	C/T	T/T	T/C	C/C	T/T	T/T
S223	F	G/A	A/A	G/G	C/T	G/G	T/T	C/T	A/A	G/G	A/A	G/G	G/G	A/A	T/T	C/C	T/C	T/T	C/T	T/C	T/C
S224	M	G/G	G/A	G/A	C/T	G/G	C/C	C/T	G/G	G/A	T/T	G/T	G/A	G/G	C/C	C/T	C/C	T/C	T/T	T/C	T/C
S225	F	G/G	G/A	G/A	C/T	G/G	C/C	C/T	G/G	G/A	T/T	G/T	G/A	A/G	C/C	C/T	C/C	T/T	T/T	T/C	T/C
S226	F	G/A	G/A	A/A		G/G	C/T	C/T	G/G		T/A		G/G		T/T	C/T	T/T	T/T	C/C	T/C	T/T
S227	F	G/A	A/A	G/G	C/C	G/G	T/T	C/T	A/A	G/G	A/A	G/G	G/G	A/G	T/T	C/C	T/C	T/T	C/T	T/C	T/C
S228	F	G/A	G/A	G/G	C/C	G/G	C/T	C/T	G/A	G/G	A/A	G/G	G/A	A/A	T/T	C/C	T/C	T/C	C/T	T/C	T/C
S229	F	G/A		G/A	C/C	G/G	T/T	C/C	G/A	G/A	T/T	G/T	G/G	A/A	C/C	C/C	T/C	T/T	C/T	C/C	T/C
S230	F	G/A	G/A	G/G	C/C	G/G	C/T	C/T	G/A	G/G	T/A	G/G	G/G		T/T	C/C	T/C	T/C	C/T	T/C	T/C
S231	F	G/A	G/A	G/G	C/C	G/G	C/T	C/T	G/A	G/G	T/A	G/G	G/G	A/A	T/T	C/C	T/C	T/C	C/T	T/C	T/C
S232	M	G/G	G/G	G/A	C/C	G/T	C/C	T/T	G/A	G/A	A/A	G/G	A/A	A/G	C/T	C/C	T/T	C/C	C/C	T/T	T/T
S233	F	G/A	A/A	G/A	C/C	G/G	C/C	C/T	G/A	G/G	T/A	G/G	G/G	A/G	C/C	C/C	T/C	T/T		T/C	T/C
S234	F	G/A	G/A	G/G	C/C	G/G	C/T	C/T	G/A	G/G	A/A	G/G	G/A	A/A	T/T	C/C	T/C	T/C	C/T	T/C	T/C
S235	F	G/A		G/A	C/C	G/G	C/C	C/T	G/A	G/G	T/A	G/G	G/G	A/G	C/C	C/C	T/C	T/T	C/T	T/C	T/C
S236	F	G/A		G/A	C/C	G/G	C/T	C/T	G/A	G/G	T/T	G/G	G/G	A/G	C/T	T/T	T/T	T/T	C/C	T/C	T/C
S237	F	G/A	G/A	G/G	C/C	G/G	C/T	C/T	G/A	G/G	A/A	G/G	G/A	A/A	T/T	C/C	T/C	T/C	C/T	T/C	T/C
S238	F	G/G	G/A	G/A	C/C	G/G	C/C	C/C	G/A	G/A	T/A	G/T	G/G	A/G	C/T	C/T	T/T	T/T	C/C	T/C	T/C
S239	F	G/A	G/A	G/G	C/C	G/G	C/T	C/T	G/A	G/G	T/A	G/G	G/G	A/A	T/T	C/C	T/C	T/C	C/T	T/C	T/C
S240	M	G/G	G/G	G/A	C/T	G/T	C/C	C/C	G/G	G/A	T/T	G/T	G/A	A/G	C/T	C/T	T/T	T/C	C/C	T/T	T/T
S241	F	G/A	G/A	A/A	C/C	G/G	C/T	C/T	G/G	G/A	T/A	G/T	G/G	A/A	T/T	C/T	T/T	T/T	C/C	T/T	T/T
S242	F	G/A		G/A	C/C	G/T	C/C	C/T	A/A	G/A	T/A	G/T	G/G	A/A	C/C	C/C	T/T	C/C	C/C	T/C	T/C
S243	F	G/A	G/A	G/G	C/C	G/G	C/T	C/T	G/A	G/G	A/A	G/G	G/A	A/A	T/T	C/C	T/C	T/C	C/T	T/C	T/C
S244	F	G/A	A/A	A/A	C/C	G/G	C/T	C/T	G/G	G/G	T/T	G/G	G/G	A/A	C/T	C/T	T/T	T/T	C/C	T/C	T/T
S245	M	G/G		G/A	C/C	G/G	C/T	C/C	G/A	G/A	T/T	G/T	G/G		C/T	C/C	T/C		C/T	T/C	T/C
S246	F	G/A	G/A	G/G	C/C	G/G	C/T	C/T	A/A	G/G	A/A	G/G	G/A	A/A	T/T	C/C	T/C	T/C	C/T	T/C	T/C
S247	M	G/G	G/G	G/A	C/T	G/G	C/C	C/C	G/G	G/A	T/T	G/T	G/A	A/G	C/C	C/T	C/C	T/C	T/T	T/C	T/T
S248	M	G/G	G/A	G/A	C/T	G/T	C/T	T/T	G/A	G/G	A/A	G/G	G/A	A/G	C/C	C/C	T/C	T/C	C/T	T/T	T/T
S249	M	G/G	G/G	G/A	C/T		C/C	C/C	G/G	G/A	T/T	G/T	G/A	A/G	C/T		T/T		C/C	T/T	T/T
S250	F	G/A	A/A	G/A	C/C	G/G	C/C	C/T	G/A	G/G	T/A	G/G	G/G	A/G	C/C	C/C	T/C	T/T	C/T	T/C	T/C
S251	F	G/A	G/A	G/G	C/C	G/G	C/T	C/T	G/A	G/G	A/A	G/G	G/A	A/G	T/T	C/C	T/C	T/C	C/T	T/C	T/C
S252	F	G/A	G/G	A/A	C/C	G/G	C/T	C/T	G/G	G/A	T/T	G/T	G/G	A/A	C/T	C/T	T/T	T/T	C/C	T/C	T/T
S253	F	G/A	G/A	G/G	C/C	G/G	C/T	C/T	G/A	G/G	T/A	G/G	G/G	A/A	T/T	C/C	T/C	T/C	C/T	T/C	T/C
S254	F	G/A	G/A	G/G	C/C	G/G	C/T	C/T	G/A	G/G	T/A	G/G	G/G	A/A	T/T	C/C	T/C	T/C	C/T	T/C	T/C
S255	M	G/G	G/A	G/A	C/C	G/T	C/T	T/T	G/A	G/G	A/A	G/G	G/A	A/G	C/T	C/C	T/T	T/C	C/C	T/T	T/T
S256	F	G/A	G/A	G/A	C/C	G/G	C/C	C/C	G/A	G/G	T/A	G/G	G/G	A/A	C/C	C/C	T/C	T/T	C/T	T/C	T/T
S257	F	G/G		G/A	C/C	G/G	C/T	C/C	A/A	G/A	T/T	G/T	G/G	A/A	C/T	C/C	T/C	T/T	C/T	C/C	C/C
S258	M	G/G	G/G	G/A	C/T	G/G	C/C	C/C	G/G	G/A	T/T	G/T	G/A	A/G	C/C	C/T	C/C	T/C	T/T	T/C	T/T
S259	F	G/A	G/A	G/G	C/C	G/G	C/T	C/T	G/A	G/G	A/A	G/G	G/A	A/A	T/T	C/C	T/C	T/C	C/T	T/C	T/C
S260	M	G/G	G/G	G/A	C/C	G/T	C/C	T/T	G/G	G/G	A/A	G/G	A/A	A/A	C/T	C/C	T/T	C/C	C/C	T/T	T/C
S261	F	G/A	G/A	G/G	C/C	G/G	C/T	C/T	G/A	G/G	T/A	G/G	G/G	A/A	T/T	C/C	T/C	T/C	C/T	T/C	T/C
S262	M	G/G	G/A	G/A	C/T	G/T	C/T	T/T	G/A	G/G	A/A	G/G	G/A	A/G	C/C	C/C	T/C	T/C	C/T	T/T	T/T
S263	M	G/G		G/A	C/C	G/G	C/T	C/T	G/G	G/A	A/A	G/T	A/A	G/G	C/T	C/T	T/T	T/C	C/C	T/T	T/C
S264	M	G/G	G/G	G/A	C/T	G/T	C/C	C/C	G/G	G/A	T/T	G/T	G/A	A/G	C/T	C/T	T/T	T/C	C/C	T/T	T/T
S265	F	G/A	A/A	G/A	C/C	G/G	C/C	C/T	G/A	G/G	T/A	G/G	G/G	A/G	C/C	C/C	T/C	T/T	C/T	T/C	T/C
S266	F	G/A	G/A	G/G	C/C	G/G	C/T	C/T	G/A	G/G	T/A	G/T	G/G	A/A	T/T	C/C	T/C	T/C	C/T	T/C	T/C
S267	M	G/G	G/A	G/A	C/T	G/T	C/T	T/T	G/A	G/G	A/A	G/G	G/A	A/G	C/C	C/C	T/C	T/C	C/T	T/T	T/T
S268	M	G/G	G/G	G/A	C/T	G/T	C/C	C/C	G/G	G/A	T/T	G/T	G/A	A/G	C/T	C/T	T/T	T/C	C/C	T/T	T/T
S269	M	G/G	G/A	G/A	C/T	G/G	C/C	C/T	G/G	G/A	T/T	G/T	G/A	G/G	C/T	C/T	C/C	T/C	T/T	T/C	T/C
S270	M	G/G	G/G	G/A	C/C	G/T	C/C	T/T	G/G	G/G	A/A	G/G	A/A	A/G	C/T	C/C	T/T	C/C	C/C	T/T	T/T
S271	F	G/A	A/A	G/G	C/T	G/G	T/T	C/T	A/A	G/G	A/A	G/G	G/G	A/A	C/T	C/C	C/C	T/T	T/T	T/C	T/C
S272	F	G/A	A/A	G/G	C/C	G/G	T/T	C/T	A/A	G/G	A/A	G/G	G/G	A/A	T/T	C/C	T/C	T/T	C/T	T/C	T/C
S273	M	G/G	G/G	G/A	C/T	G/T	C/C	C/C	G/G	G/A	T/T	G/T	G/A	A/G	C/T	C/T	T/T	T/C	C/C	T/T	T/T
S274	M	G/G	G/G	G/A	C/C	G/T	C/C	T/T	G/G	G/G	A/A	G/G	A/A	A/G	C/T	C/C	T/T	C/C	C/C	T/T	T/T
S275	M	G/G	G/G	G/A	C/T	G/T	C/C	C/C	G/G	G/A	T/T	G/T	G/A	A/G	C/T	C/T	T/T	T/C	C/C	T/T	T/T
S276	F	G/A	G/A	G/A	C/C	G/G	C/C	C/C	G/A	G/G	T/A	G/G	G/G	A/A	C/C	C/C	T/C	T/T	C/T	T/C	T/T
S277	F	G/A	A/A	G/G	C/T	G/G	T/T	C/T	A/A	G/G	A/A	G/G	G/G	A/A	C/T	C/C	C/C	T/T	T/T	T/C	T/C
S278	M	A/A		G/A	C/C	G/G	C/C	C/T	G/A	G/G	T/T	G/G	G/G		C/T	C/T	T/C	T/C	C/T	T/C	T/T
S279	M	G/G	G/A	G/A	C/T	G/G	C/C	C/C	A/A	G/G	T/T	G/G	G/G	G/G	C/C	C/T	T/T	T/C	C/C	T/C	T/C
S280	F	G/A	G/A	G/G	C/C	G/G	C/T	C/T	A/A	G/G	A/A	G/G	G/A	A/A	C/T	C/C	C/C	T/C	T/T	T/C	T/C
S281	M	G/G	G/G	A/A	C/T	G/G	C/C	C/C	G/A	G/A	T/A	G/T	G/G	A/G	C/T	C/C	T/T	T/C	C/C	T/T	T/T
S282	F	G/A	A/A	G/G	C/T	G/G	T/T	C/T	A/A	G/G	A/A	G/G	G/G	A/A	C/T	C/C	C/C	T/T	T/T	T/C	T/C
S283	F	G/A	G/A	G/A	C/C	G/G	C/C	C/T	G/A	G/G	T/A	G/G	G/G	A/A	C/C	C/C	T/C	T/T	C/T	T/C	T/T
S284	M	G/G	G/G	G/A	C/C	G/T	C/C	T/T	G/G	G/G	A/A	G/G	A/A	A/G	C/T	C/C	T/T	C/C	C/C	T/T	T/T
S285	M	G/G	G/A	G/A	C/T	G/G	C/C	C/T	G/G	G/A	T/T	G/T	G/A	A/G	C/C	C/T	C/C	T/T	T/T	T/C	T/C
S286	F	G/A	G/A	G/G	C/C	G/G	C/T	C/T	G/A	G/G	T/A	G/G	G/G	A/A	T/T	C/C	T/C	T/C	C/T	T/C	T/C
S287	F	G/A	A/A	G/G	C/T	G/G	T/T	C/T	A/A	G/G	A/A	G/G	G/G	A/A	C/T	C/C	C/C	T/T	T/T	T/C	T/C
S288	M	G/G	G/G	G/A	C/C	G/T	C/C	T/T	G/A	G/A	A/A	G/G	A/A	A/G	C/T	C/C	T/T	C/C	C/C	T/T	T/T
S289	M	G/A	G/A	G/G	C/T	G/G	C/C	C/C	G/A	G/A	T/A	G/T	G/A	A/G	C/C	C/T	T/C	T/C	C/T	C/C	T/T
S290	F	G/A	G/A	G/G	C/C	G/G	C/T	C/T	G/A	G/G	T/A	G/G	G/G	A/A	T/T	C/C	T/C	T/C	C/T	T/C	T/C
S291	F	G/A	G/A	G/G	C/C	G/G	C/T	C/T	G/A	G/G	T/A	G/G	G/G	A/G	T/T	C/C	T/C	T/C	C/T	T/C	T/T
S292	M	G/G	G/G	G/A	C/T	G/T	C/C	C/C	G/G	G/A	T/T	G/T	G/A	A/G	C/T	C/T	T/T	T/C	C/C	T/T	T/T
S293	M	G/A		G/A	C/C	G/T	C/T	C/C	G/A	G/A	T/T	G/T	G/G	A/G	C/T	C/C	T/C	T/C	C/T	T/C	T/C
S294	F	G/A	G/A	G/G	C/C	G/G	C/T	C/T	G/A	G/G	T/A	G/G	G/G	A/A	T/T	C/C	T/C	T/C	C/T	T/C	T/C
S295	F	G/A	A/A	G/A	C/C	G/G	C/C	C/T	G/A	G/G	T/A	G/G	G/G	A/G	C/C	C/C	T/C	T/T	C/T	T/C	T/C
S296	M	G/G	G/G	G/A	C/C	G/T	C/C	T/T	G/G	G/G	A/A	G/G	A/A	A/G	C/T	C/C	T/T	C/C	C/C	T/T	T/T
S297	F	G/A	G/A	G/A	C/C	G/G	C/C	C/T	G/A	G/G	T/A	G/G	G/G	A/A	C/C	C/C	T/C	T/T	C/T	T/C	T/T
S298	F	G/A	G/A	G/A	C/C	G/G	C/C	C/C	G/A	G/G	T/A	G/G	G/G	G/G	C/C	C/C	T/C	T/T	C/T	T/C	T/T
S299	F	G/A		G/A	C/C	G/G	T/T			G/G	T/A	G/G	G/A		C/T	C/T	T/T		C/C	T/C	T/C
S300	F	G/A	A/A	G/G	C/T	G/G	T/T	C/T	A/A	G/G	A/A	G/G	G/G	A/A	C/T	C/C	C/C	T/T	T/T	T/C	T/C
S301	F	G/A	G/A	G/G	C/C	G/G	C/T	C/T	G/A	G/G	T/A	G/G	G/G	A/A	T/T	C/C	T/C	T/C	C/T	T/C	T/C
S302	F	G/G		G/G	C/T	G/G	C/C	C/C	G/A	G/G	T/T	G/G	G/G	A/G	C/C	C/C	T/T	T/T	C/C	T/T	C/C
S303	F	G/A	G/A	G/G	C/C	G/G	C/T	C/T	G/A	G/G	T/A	G/G	G/G	A/G	T/T	C/C	T/C	T/C	C/T	T/C	T/C
S304	M	G/G	G/G	G/A	C/T	G/T	C/C	C/C	G/G	G/A	T/T	G/T	G/A	A/G	C/T	C/T	T/T	T/C	C/C	T/T	T/T
S305	F	G/A	G/A	A/A	C/T	G/G	C/T	C/T	G/A	G/G	T/T	G/G	G/G	A/G	C/T	C/T	T/T	T/C	C/C	T/T	T/T
S306	M	G/G	G/G	G/A	C/T	G/T	C/C	C/C	G/G	G/A	T/T	G/T	G/A	A/G	C/T	C/T	T/T	T/C	C/C	T/T	T/T
S307	M	G/G	G/A	G/A	C/T	G/G	C/C	C/T	G/G	G/A	T/T	G/T	G/A	G/G	C/C	C/T	C/C	T/C	T/T	T/C	T/C
S308	F	G/A	G/A	G/G	C/T	G/G	C/T	C/T	G/A	G/G	A/A	G/G	G/A	A/A	C/T	C/C	C/C	T/C	T/T	T/C	T/C
S309	F	G/A	G/A	G/G	C/C	G/G	C/T	C/T	G/A	G/G	T/A	G/G	G/G	A/A	T/T	C/C	T/C	T/C	C/T	T/C	T/C
S310	M	G/G	G/A	G/A	C/T	G/T	C/T	T/T	G/A	G/G	A/A	G/G	G/A	A/G	C/C	C/C	T/C	T/C	C/T	T/T	T/T
S311	F	G/A		G/G	C/C	G/G	C/T	C/T	G/G	A/A	T/T	T/T	G/A	A/G	C/C	C/T	T/C	C/C	C/T	T/C	T/C
S312	F	G/A	G/A	G/G	C/C	G/G	C/T	C/T	G/A	G/G	T/A	G/G	G/G	A/A	T/T	C/C	T/C	T/C	C/T	T/C	T/C
S313	F	G/A	G/A	G/A	C/C	G/G	C/C	C/C	G/A	G/G	T/A	G/G	G/G	A/A	C/C	C/C	T/C	T/T	C/T	T/C	T/T
S314	F	G/A	G/A	G/G	C/T	G/G	C/T	C/T	G/A	G/G	A/A	G/G	G/A	A/G	C/T	C/C	C/C	T/C	T/T	T/C	T/T
S315	M	G/A	A/A	G/A	C/C	G/G	C/C	C/T	G/A	G/G	T/A	G/G	G/G	A/G	C/C	C/C	T/C	T/T	C/T	T/C	T/C
S316	M	G/G	G/G	A/A	C/T	G/G	C/C	C/C	G/A	G/A	T/T	G/T	G/G	A/G	C/C	C/C	T/T	T/C	C/C	T/C	T/T
S317	F	G/A	G/A	G/A	C/C	G/G	C/C	C/C	G/A	G/G	T/A	G/G	G/G	G/G	C/C	C/C	T/C	T/T	C/T	T/C	T/T
S318	M	G/A	G/A	G/G	C/T	G/G	C/C	C/C	G/A	G/A	T/A	G/T	G/A	A/G	C/C	C/T	T/C	T/C	C/T	C/C	T/T
S319	F	G/A	G/A	G/G	C/C	G/G	C/T	C/T	G/A	G/G	T/A	G/G	G/G	A/G	T/T	C/C	T/C	T/C	C/T	T/C	T/C
S320	M	G/G	G/G	A/A	C/T	G/G	C/C	C/C	G/A		T/T	G/T	G/G	A/G	C/C	C/C	T/T	T/C	C/C	T/C	T/T
S321	M	G/G	G/G	G/A	C/T	G/T	C/C	C/C	G/G	G/A	T/T	G/T	G/A	A/G	C/T	C/T	T/T	T/C	C/C	T/T	T/T
S322	F	G/A	G/A	G/G	C/T	G/G	C/T	C/T	G/A	G/G	A/A	G/G	G/A	A/A	C/T	C/C	C/C	T/C	T/T	T/C	T/C
S323	M	G/G	G/A	G/A	C/T	G/G	C/C	C/T	G/G	G/A	T/T	G/T	G/A	G/G	C/C	C/T	C/C	T/C	T/T	T/C	T/C
S324	F	G/A	G/A	G/G	C/C	G/G	C/T	C/T	G/A	G/G	A/A	G/G	G/A	A/A	T/T	C/C	T/C	T/C	C/T	T/C	T/C
S325	F	G/G	G/A	A/A	C/C	G/G	C/C	C/T	G/G	G/G	T/T	G/G	G/G	A/G	C/C	C/C	C/C	T/T	T/T	T/T	T/C
S326	M	G/A	G/A	G/A	C/T	G/T	C/T	C/T	G/A	G/A	T/A	G/T	G/A	A/G	C/T	C/T	T/C	C/C	C/T	T/C	T/C
S327	F	G/A	G/A	G/G	C/C	G/G	C/T	C/T	G/A	G/G	A/A	G/G	G/A	A/A	C/T	C/C	C/C	T/C	T/T	T/C	T/C
S328	M	G/G	G/G	G/A	C/T	G/T	C/C	C/C	G/G	G/A	T/T	G/T	G/A	A/G	C/T	C/T	T/T	T/C	C/C	T/T	T/T
S329	M	G/G	G/G	G/A	C/T	G/T	C/C	C/C	G/G	G/A	T/T	G/T	G/A	A/G	C/T	C/T	T/T	T/C	C/C	T/T	T/T
S330	M	G/G	G/A	G/A	C/T	G/T	C/T	T/T	G/A	G/G	A/A	G/G	G/A	A/G	C/C	C/C	T/C	T/C	C/T	T/T	T/T
S331	M	G/G	G/G	A/A	C/T	G/G	C/C	C/C	G/A	G/A	T/A	G/T	G/G		C/T	C/C	T/T	T/C	C/C	T/T	T/T
S332	F	G/A	G/A	G/G	C/C	G/G	C/T	C/T	G/A	G/G	T/A	G/G	G/G	A/A	T/T	C/C	T/C	T/C	C/T	T/C	T/C
S333	F	G/A		A/A	C/C	G/T	C/C	C/C	G/A	G/G	T/A	G/G	G/G	G/G	C/T	C/C	T/C	T/C	C/T	T/T	T/C
S334	F	G/A	G/A	G/G	C/C	G/G	C/T	C/T	G/A	G/G	T/A	G/G	G/G	A/A	T/T	C/C	T/C	T/C	C/T	T/C	T/C
S335	M	G/G	G/G	G/A	C/T	G/T	C/C	C/C	G/G	G/A	T/T	G/T	G/A	A/A	C/T	C/T	T/T	T/C	C/C	T/T	T/T
S336	F	G/A	G/A	G/G	C/C	G/G	C/T	C/T	G/A	G/G	A/A	G/G	G/A	A/A	C/T	C/C	C/C	T/C	T/T	T/C	T/C
S337	M	G/G	G/G	G/A	C/T	G/T	C/C	C/C	G/G	G/A	T/T	G/T	G/A	A/G	C/T	C/T	T/T	T/C	C/C	T/T	T/T
S338	M	G/G	G/A	G/A	C/C	G/T	C/T	T/T	G/A	G/G	A/A	G/G	G/A	A/G	C/T	C/C	T/T	T/C	C/C	T/T	T/T
S339	M	G/G	G/A	G/A	C/T	G/T	C/T	T/T	G/A	G/G	A/A	G/G	G/A	A/G	C/C	C/C	T/C	T/C	C/T	T/T	T/T
S340	F	G/A	G/A	G/G	C/C	G/G	C/T	C/T	G/A	G/G	A/A	G/G	G/A	A/A	T/T	C/C	T/C	T/C	C/T	T/C	T/C
S341	F	G/A		G/A	C/C	G/G	C/C	C/C	G/G	G/A	T/T	G/T	G/G	A/G	C/C	C/T	T/C	T/C	C/T	T/T	T/T
S342	F	G/A	A/A	G/A	C/C	G/G	C/C	C/T	G/A	G/G	T/A	G/G	G/G	A/G	C/C	C/C	T/C	T/T	C/T	T/C	T/C
S343	M	G/G	G/G	G/A	C/C	G/T	C/C	T/T	G/G	G/G	A/A	G/G	A/A	A/G	C/T	C/C	T/T	C/C	C/C	T/T	T/T
S344	F	G/A	G/A	G/G	C/C	G/G	C/T	C/T	G/A	G/G	T/A	G/G	G/G	A/A	T/T	C/C	T/C	T/C	C/T	T/C	T/C
S345	F	G/A	G/A	G/G	C/C	G/G	C/T	C/T	G/A	G/G	T/A	G/G	G/G	A/A	T/T	C/C	T/C	T/C	C/T	T/C	T/C
S346	M	G/G	G/G	G/A	C/C	G/T	C/T	T/T	G/A	G/G	A/A	G/G	G/A	A/G	C/T	C/C	T/T	T/C	C/C	T/T	T/T
S347	F	G/G	G/G	G/A	C/T	G/T	C/C	C/C	G/G	G/A	T/T	G/T	G/A	A/G	C/T	C/C	T/T	T/T	C/C		T/T
S348	F	G/A	G/A	G/G	C/C	G/G	C/T	C/T	G/A	G/G	T/A	G/G	G/G	A/A	T/T	C/C	T/C	T/C	C/T	T/C	T/C
S349	F	G/A	A/A	G/A	C/C	G/G	C/C	C/T	G/A	G/G	T/A	G/G	G/G	A/G	C/C	C/C	T/C	T/T	C/T	T/C	T/C
S350	F	G/A	G/A	G/G	C/C	G/G	C/T	C/T	G/A	G/G	T/A	G/G	G/G	A/A	T/T	C/C	T/C	T/C	C/T	T/C	T/C
S351	M	G/G	G/G	G/A	C/T	G/T	C/C	C/C	G/G	G/A	T/T	G/T	G/A	A/G	C/T	C/T	T/T	T/C	C/C	T/T	T/T
S352	F	G/A	A/A	A/A	C/C	G/G	C/T	C/T	G/G	G/G	T/T	G/G	G/G	A/A	C/T	C/T	T/T	T/T	C/C	T/C	T/T
S353	F	G/A		G/A	C/C	G/G	C/C	C/T	G/G	G/A	T/A	G/T	G/A	A/G	T/T	C/C	T/T	T/C	C/C	T/C	T/C
S354	F	G/A	G/A	G/G	C/C	G/G	C/T	C/T	G/A	G/G	T/A	G/G	G/G	A/A	T/T	C/C	T/C	T/C	C/T	T/C	T/C
S355	M	G/G	G/G	G/A	C/T	G/T	C/C	C/C	G/G	G/A	T/T	G/T	G/A	A/G	C/T	C/T	T/T	T/C	C/C	T/T	T/T
S356	F	G/A	G/A	G/G	C/T	G/G	C/T	C/T	G/A	G/G	A/A	G/G	G/A	A/A	C/T	C/C	C/C	T/C	T/T	T/C	T/C
S357	F	G/A	G/A	G/G	C/C	G/G	C/T	C/T	A/A	G/G	A/A	G/G	G/A	A/A	T/T	C/C	T/C	T/C	C/T	T/C	T/C
S358	M	G/G	G/G	G/G	C/T	G/T	C/C	C/C	G/A	G/A	T/T	G/T	G/A	A/A	C/T	C/T	T/T	T/C	C/C	T/T	T/C
S359	F	G/A		G/G	C/C	G/G	T/T	C/T	A/A	G/G	A/A	G/G	G/G	A/A	T/T	C/C	T/C	T/T	C/T	T/C	T/C
S360	F	G/A	A/A	G/A	C/C	G/G	C/C	C/T	G/A	G/G	T/A	G/G	G/G	G/G	C/C	C/C	T/C	T/T	C/T	T/C	T/C
S361	F	G/A		G/G	C/C	G/G	C/T	T/T	G/A	G/G	A/A	G/G	G/G	A/A	C/T	C/T	T/T	T/C	C/C	C/C	C/C
S362	M	G/G	G/A	G/A	C/T	G/G	C/C	C/T	G/G	G/A	T/T	G/T	G/A	G/G	C/C	C/T	C/C	T/C	T/T	T/C	T/C
S363	M	G/G	G/A	G/A	C/T	G/T	C/T	T/T	G/A	G/G	A/A	G/G	G/A	A/G	C/T	C/C	T/T	T/C	C/C	T/T	T/T
S364	M	G/G	G/G	G/A	C/T	G/T	C/C	T/T	G/G	G/G	A/A	G/G	A/A	A/G	C/C	C/C	T/C	C/C	C/T	T/T	T/T
S365	M	G/G	G/G	G/A	C/T	G/T	C/C	C/C	G/G	G/A	T/T	G/T	G/A	A/G	C/T	C/T	T/T	T/C	C/C	T/T	T/T
S366	F	G/G		G/A	C/C	G/G	C/T	C/C	A/A	G/A	T/T	G/T	G/G	A/A	C/T	C/C	T/C	T/T	C/T	C/C	C/C
S367	F	G/A	G/A	G/G	C/C	G/G	C/T	C/T	G/A	G/G	A/A	G/G	G/A	A/A	T/T	C/C	T/C	T/C	C/T	T/C	T/C
S368	M	G/G	G/G	G/A	C/T	G/G	C/C	C/C	G/G	G/A	T/T	G/T	G/A	A/G	C/C	C/T	C/C	T/C	T/T	T/C	T/T
S369	M	G/G	G/G	G/A	C/T	G/T	C/C	C/C	G/G	G/A	T/T	G/T	G/A	A/G	C/T	C/T	T/T	T/C	C/C	T/T	T/T
S370	F	G/A	G/A	G/G	C/C	G/G	C/T	C/T	G/A	G/G	T/A	G/G	G/G	A/A	T/T	C/C	T/C	T/C	C/T	T/C	T/C
S371	F	G/A	G/A	G/G	C/C	G/G	C/T	C/T	G/A	G/G	T/A	G/G	G/G	A/A	T/T	C/C	T/C	T/C	C/T	T/C	T/C
S372	M	G/G	G/A	G/A	C/T	G/G	C/C	C/T	G/G	G/A	T/T	G/T	G/A	G/G	C/C	C/T	C/C	T/C	T/T	T/C	T/C
S373	M	G/G	G/G	G/A	C/C	G/T	C/C	T/T	G/G	G/G	A/A	G/G	A/A	A/G	C/T	C/C	T/T	C/C	C/C	T/T	T/T
S374	F	G/A		G/A	C/C	G/G	C/T	C/T	G/A	G/G	T/T	G/G	G/G	A/G	C/T	T/T	T/T	T/T	C/C	T/C	T/C
S375	M	G/G	G/A	G/A	C/T	G/G	C/C	C/T	G/G	G/A	T/T	G/T	G/A	G/G	C/C	C/T	C/C	T/C	T/T	T/C	T/C
S376	M	G/G	G/G	G/A	C/T	G/T	C/C	C/C	G/G	G/A	T/T	G/T	G/A	A/G	C/T	C/T	T/T	T/C	C/C	T/T	T/T
S377	F	G/A	G/A	G/G	C/C	G/G	C/T	C/T	G/A	G/G	T/A	G/G	G/G	A/A	T/T	C/C	T/C	T/C	C/T	T/C	T/C
S378	M	G/G	G/G	A/A	C/T	G/G	C/C	C/C	G/A	G/A	T/T	G/T	G/G	A/G	C/C	C/C	T/T	T/C	C/C	T/C	T/T
S379	M	G/G	G/A	G/A	C/T	G/G	C/C	C/C	A/A	G/G	T/T	G/G	G/G	A/G	C/C	C/T	T/T	T/C	C/C	T/C	T/C
S380	F	G/A		G/A	C/C	G/T	C/C	C/T	A/A	G/A	T/A	G/T	G/G	A/A	C/C	C/C	T/T	C/C	C/C	T/C	T/C
S381	M	G/G	G/A	G/A	C/T	G/G	C/C	C/T	G/G	G/A	T/T	G/T	G/A	G/G	C/C	C/T	C/C		T/T	T/C	T/C
S382	M	G/G		G/A	C/T	G/T	C/C	C/C	A/A	G/G	T/T	G/G	G/G	A/G	C/T	C/T	T/T	T/C	C/C	T/C	T/C
S383	F	G/G	G/G	G/G	C/C	G/G	C/C	C/C	G/G	G/G	T/T	G/G	G/G	A/A	T/T	C/C	T/T	T/T	C/C	T/T	T/T
S384	F	G/A	G/A	G/G	C/C	G/G	C/T	C/T	G/A	G/G	T/A	G/G	G/G	A/A	T/T	C/C	T/C	T/C	C/T	T/C	T/C
S385	M	G/G	G/A	G/A	C/T	G/G	C/C	C/T	G/G	G/A	T/T	G/T	G/A	G/G	C/C	C/T	C/C	T/C	T/T	T/C	T/C
S386	M	G/G	A/A	G/A	C/T	G/G	C/C	C/C	A/A	G/G	T/A	G/G	G/G	G/G	C/T	C/T	T/T	T/C	C/C	T/T	T/C
S387	M	G/G	G/A	G/G	C/T	G/G	C/T	T/T	G/A	G/G	A/A	G/G	G/A	A/A	C/T	C/C	T/C	T/C	C/T	T/T	T/T
S388	M	G/G	G/G	G/A	C/T	G/T	C/C	C/C	G/G	G/A	T/T	G/T	G/A	A/A	C/T	C/T	T/T	T/C	C/C	T/T	T/T
S389	M	G/G	G/A	G/A	C/T	G/G	C/C	C/T	G/G	G/A	T/T	G/T	G/A	G/G	C/C	C/T	C/C	T/C	T/T	T/C	T/C
S390	M	G/G	G/G	G/A	C/T	G/G	C/C	C/C	G/G	G/A	T/T	G/T	G/A	A/G	C/C	C/T	C/C	T/C	T/T	T/C	T/T
S391	F	G/A	G/A	G/G	C/C	G/G	C/T	C/T	G/A	G/G	T/A	G/G	G/G	A/A	T/T	C/C	T/C	T/C	C/T	T/C	T/C
S392	F	G/A	G/A	G/G	C/C	G/G	C/T	C/T	G/A	G/G	T/A	G/G	G/G	A/A	T/T	C/C	T/C	T/C	C/T	T/C	T/C
S393	F	G/A	A/A	G/A	C/C	G/G	C/C	C/T	G/A	G/G	T/A	G/G	G/G	A/G	C/C	C/C	T/C	T/T	C/T	T/C	T/C
S394	M	G/G	G/A	G/A	C/T	G/T	C/T	T/T	G/A	G/G	A/A	G/G	G/A	A/G	C/C	C/C	T/C	T/C	C/T	T/T	T/T
S395	F	G/A	G/A	G/G	C/T	G/G	T/T	C/T	A/A	G/G	A/A	G/G	G/G	A/A	C/T	C/C	C/C	T/T	T/T	T/C	T/C
S396	F	G/A	G/A	G/G	C/C	G/G	C/T	C/T	G/A	G/G	T/A	G/G	G/G	A/A	T/T	C/C	T/C	T/C	C/T	T/C	T/C
S397	M	G/A		G/A	C/C	G/T	C/C	T/T	G/G	G/A	T/A	G/T	G/G	A/A	C/T	C/C	T/C	T/C	C/T	C/C	T/C
S398	M	G/G	G/A	G/A	C/T	G/G	C/C	C/T	G/G	G/A	T/T	G/T	G/A	A/G	C/C	C/T	C/C	T/C	T/T	T/C	T/C
S399	F	G/A		G/A	C/C	G/G	T/T	C/C	G/A	G/A	T/T	G/T	G/G	A/A	C/C	C/C	T/C	T/T	C/T	C/C	T/C
S400	F	G/A	A/A	G/G	C/T	G/G	T/T	C/T	A/A	G/G	A/A	G/G	G/G	A/A	C/T	C/C	C/C	T/T	T/T	T/C	T/C
S401	F	G/A	A/A	G/A	C/C	G/G	C/C	C/T	G/A	G/G	T/A	G/G	G/G	G/G	C/C	C/C	T/C	T/T	C/T	T/C	T/C
S402	M	G/G	G/A	G/A	C/T	G/T	C/T	T/T	G/A	G/G	A/A	G/G	G/A	A/G	C/C	C/C	T/C	T/C	C/T	T/T	T/T
S403	M	G/G		G/A	C/T	G/G	C/C	C/T	G/G	G/A	T/T	G/T	G/A	G/G	C/C	C/T	C/C	T/C	T/T	T/C	T/C
S404	M	G/G	G/G	G/A	C/T	G/T	C/C	C/C	G/G	G/A	T/T	G/T	G/A	A/G	C/T	C/T	T/T	T/C	C/C	T/T	T/T
S405	F	G/A	A/A	G/A	C/C	G/G	C/C	C/T	G/A	G/G	T/A	G/G	G/G	A/G	C/C	C/C	T/C	T/T	C/T	T/C	T/C
S406	M	G/G	G/G	G/A	C/T	G/G	C/C	C/C	G/G	G/A	T/T	G/T	G/A	A/G	C/C	C/T	C/C	T/C	T/T	T/C	T/T
S407	F	G/A	A/A	G/A	C/C	G/G	C/C	C/T	G/A	G/G	T/A	G/G	G/G	A/G	C/C	C/C	T/C	T/T	C/T	T/C	T/C
S408	M	G/G	G/G	G/A	C/C	G/T	C/T	T/T	G/A	G/G	A/A	G/G	G/A	A/G	C/T	C/C	T/T	T/C	C/C	T/T	T/T
S409	M	G/A	G/A	G/G	C/C	G/G	C/T	C/T	G/A	G/G	A/A	G/G	G/A	A/A	T/T	C/C	T/C	T/C	C/T	T/C	T/C
S410	M	G/G	G/A	G/A	C/T	G/G	C/C	C/T	G/G	G/A	T/T	G/T	G/A	G/G	C/C	C/T	C/C		T/T	T/C	T/C
S411	M	G/G	G/G	A/A	C/T	G/G	C/C	C/C	G/A	G/A	T/A	G/T	G/G		C/T	C/C	T/T	T/C	C/C	T/T	T/T
S412	M	G/G	G/G	G/A	C/T	G/T	C/C	C/C	G/G	G/A	T/T	G/T	G/A	A/G	C/T	C/T	T/T	T/C	C/C	T/T	T/T
S413	F	G/A	G/A	G/G	C/C	G/G	C/T	C/T	G/A	G/G	A/A	G/G	G/A	A/A	T/T	C/C	T/C	T/C	C/T	T/C	T/C
S414	M	G/G	G/G	G/A	C/T	G/T	C/C	C/C	G/G	G/A	T/T	G/T	G/A	A/A	C/T	C/T	T/T	T/C	C/C	T/T	T/T
S415	M	G/A	G/A	G/G	C/C	G/G	C/T	C/T	G/A	G/G	T/A	G/G	G/G	A/A	T/T	C/C	T/C		C/T	T/C	T/C
S416	F	G/A	G/A	A/A	C/C	G/G	C/T	C/T	G/G	G/A	T/A	G/T	G/G	A/A	T/T	C/T	T/T	T/T	C/C	T/T	T/T
S417	F	G/A	G/A	G/G	C/C	G/G	C/T	C/T	G/A	G/G	T/A	G/G	G/G	A/A	T/T	C/C	T/C	T/C	C/T	T/C	T/C
S418	M	G/G		G/G	C/C	G/G	C/T	T/T	G/G	G/G	T/A	G/G	G/G	A/A	C/T	C/C	T/T	T/C	C/C	T/T	T/C
S419	F	G/A	G/A	G/G	C/C	G/G	C/T	C/T	G/A	G/G	T/A	G/G	G/G	A/A	T/T	C/C	T/C	T/C	C/T	T/C	T/C
S420	M	G/G	G/A	G/A	C/T	G/G	C/C	C/T	G/G	G/A	T/T	G/T	G/A	G/G	C/C	C/T	C/C	T/C	T/T	T/C	T/C
S421	F	G/A		G/G	C/C	G/G	T/T	C/C	G/G	G/G	T/T	G/G	G/A	G/G	C/C	C/C	T/C	T/T	C/T	T/T	T/C
S422	F	G/A	G/A	G/G	C/C	G/G	C/T	C/T	G/A	G/G	T/A	G/G	G/G	A/A	T/T	C/C	T/C	T/C	C/T	T/C	T/C
S423	F	G/A	G/A	G/A	C/C	G/G	C/T	C/T	G/A	G/G	T/A	G/G	G/G	A/G	T/T	T/T	T/T	T/T	C/C	T/T	T/C
S424	M	G/G	G/G	A/A	C/T	G/G	C/C	C/C	G/A	G/A	T/T	G/T	G/G	A/G	C/C	C/C	T/T	T/C	C/C	T/C	T/T
S425	F	G/A	G/A	G/G	C/C	G/G	C/T	C/T	G/A	G/G	T/A	G/T	G/G	A/A	T/T	C/C	T/C	T/C	C/T	T/C	T/C
S426	F	G/A	G/A	G/G	C/C	G/G	C/T	C/T	G/A	G/G	T/A	G/G	G/G	A/A	T/T	C/C	T/C	T/C	C/T	T/C	T/C
S427	F	G/A	G/A	G/G	C/C	G/G	C/T	C/T	G/A	G/G	T/A	G/G	G/G	A/A	T/T	C/C	T/C	T/C	C/T	T/C	T/C
S428	M	G/G	G/G	G/A	C/C	G/T	C/C	T/T	G/G	G/G	A/A	G/G	A/A	A/G	C/T	C/C	T/T	C/C	C/C	T/T	T/T
S429	M	G/G	G/A	G/A	C/T	G/G	C/C	C/C	A/A	G/G	T/T	G/G	G/G	G/G	C/C	C/T	T/T	T/C	C/C	T/C	T/C
S430	F	G/A	G/A	G/G	C/C	G/G	C/T	C/T	G/A	G/G	T/A	G/G	G/G	A/A	T/T	C/C	T/C	T/C	C/T	T/C	T/C
S431	F	G/A	G/A	G/G	C/C	G/G	C/T	C/T	G/A	G/G	T/A	G/G	G/G	A/A	T/T	C/C	T/C	T/C	C/T	T/C	T/C
S432	F	G/A	G/A	G/G	C/C	G/G	C/T	C/T	G/A	G/G	A/A	G/G	G/A	A/A	T/T	C/C	T/C	T/C	C/T	T/C	T/C
S433	M	G/G	G/G	G/A	C/T	G/T	C/C	C/C	G/G	G/A	T/T	G/T	G/A	A/G	C/T	C/T	T/T	T/C	C/C	T/T	T/T
S434	F	G/A	A/A	G/A	C/C	G/G	C/C	C/T	G/A	G/G	T/A	G/G	G/G	G/G	C/C	C/C	T/C	T/T	C/T	T/C	T/C
S435	F	G/A	G/A	G/G	C/C	G/G	C/T	C/T	G/A	G/G	T/A	G/G	G/G	A/G	T/T	C/C	T/C	T/C	C/T	T/C	T/C
S436	F	G/A	A/A	G/G	C/C	G/G	T/T	C/T	A/A	G/G	A/A	G/G	G/G	A/A	T/T	C/C	T/C	T/T	C/T	T/C	T/C
S437	M	G/G	G/G	G/A	C/T	G/T	C/C	C/C	G/G	G/A	T/T	G/T	G/A	A/G	C/T	C/T	T/T	T/C	C/C	T/T	T/T
S438	M	G/G	G/G	A/A	C/T	G/G	C/C	C/C	G/A	G/A	T/T	G/T	G/G	A/A	C/C	C/C	T/T	T/C	C/C	T/C	T/T
S439	M	G/A	G/A	G/A	C/C	G/T	C/T	C/T	G/A	G/G	A/A	G/G	G/A	A/G	C/T	C/C	T/C	T/C	C/T	T/C	T/C
S440	F	G/A	G/A	A/A	C/C	G/G	C/T	C/T	G/G	G/A	T/A	G/T	G/G	A/A	T/T	C/T	T/T	T/T	C/C	T/T	T/T
S441	F	G/A	G/A	G/G	C/C	G/G	C/T	C/T	G/A	G/G	T/A	G/G	G/G	A/G	T/T	C/C	T/C	T/C	C/T	T/C	T/C
S442	M	G/G	G/G	G/A	C/T		C/C	C/C	G/G	G/A	T/T	G/T	G/A	A/G	C/T		T/T		C/C	T/T	T/T
S443	M	G/G	G/G	G/A	C/T	G/G	C/C	C/C	G/G	G/A	T/T	G/T	G/A	A/A	C/T		T/T	T/C	C/C	T/T	T/T
S444	M	G/G	G/G	G/A	C/T	G/T	C/C	C/C	G/G	G/A	T/T	G/T	G/A	A/G	C/T	C/T	T/T	T/C	C/C	T/T	T/T
S445	F	G/A	G/A	G/G	C/C	G/G	C/T	C/T	G/A	G/G	T/A	G/G	G/G	A/A	T/T	C/C	T/C	T/C	C/T	T/C	T/C
S446	F	G/A	G/A	G/G	C/C	G/G	C/T	C/T	G/A	G/G	T/A	G/G	G/G	A/A	T/T	C/C	T/C	T/C	C/T	T/C	T/C
S447	M	G/G	G/A	G/A	C/T	G/G	C/C	C/T	G/G	G/A	T/T	G/T	G/A	G/G	C/C	C/T	C/C	T/C	T/T	T/C	T/C
S448	M	G/G	G/G	G/A	C/T	G/G	C/C	C/C	G/G	G/A	T/T	G/T	G/A	A/G	C/C	C/T	C/C	T/C	T/T	T/C	T/T
S449	M	G/G	G/A	G/A	C/T	G/G	C/C	C/C	A/A	G/G	T/T	G/G	G/G	G/G	C/C	C/T	T/T		C/C	T/C	T/C
S450	F	G/A	G/A	G/G	C/C	G/G	C/T	C/T	G/A	G/G	T/A	G/G	G/G	A/A	T/T	C/C	T/C	T/C	C/T	T/C	T/C
S451	F	G/A	G/A	G/G	C/C	G/G	C/T	C/T	G/A	G/G	T/A	G/G	G/G	A/G	T/T	C/C	T/C	T/C	C/T	T/C	T/T
S452	M	G/G	G/G	G/A	C/T	G/T	C/C	C/C	G/G	G/A	T/T	G/T	G/A	A/G	C/T	C/T	T/T	T/C	C/C	T/T	T/T
S453	F	G/A	G/A	G/G	C/C	G/G	C/T	C/T	G/A	G/G	T/A	G/G	G/G	A/A	T/T	C/C	T/C	T/C	C/T	T/C	T/C
S454	F	G/A	A/A	G/G	C/C	G/G	T/T	C/T	A/A	G/G	A/A	G/G	G/G	A/A	T/T	C/C	T/C	T/T	C/T	T/C	T/C
S455	M	G/G	G/G	G/A	C/C	G/T	C/C	T/T	G/G	G/G	A/A	G/G	A/A	A/G	C/T	C/C	T/T	C/C	C/C	T/T	T/T
S456	M	G/G	G/A	G/A	C/T	G/G	C/C	C/T	G/G	G/A	T/T	G/T	G/A	G/G	C/C	C/T	C/C	T/C	T/T	T/C	T/C
S457	F	A/A		G/A	C/C	G/T	C/C	C/T	G/G	G/G	T/A	G/G	G/G	A/A	C/T	C/C	T/T	T/C	C/C	T/C	C/C
S458	F	G/A	A/A	G/A	C/C	G/G	C/C	C/T	G/A	G/G	T/A	G/G	G/G	A/G	C/C	C/C	T/C	T/T	C/T	T/C	T/C
S459	M	G/G	G/A	G/A	C/T	G/G	C/C	C/T	G/G	G/A	T/T	G/T	G/A	G/G	C/C	C/T	C/C	T/C	T/T	T/C	T/C
S460	M	G/G	G/G	G/A	C/T	G/T	C/C	C/C	G/G	G/A	T/T	G/T	G/A	A/G	C/T	C/T	T/T	T/C	C/C	T/T	T/T
S461	F	G/A		G/G	C/C	G/G	C/T	C/C	A/A	G/G	T/T	G/G	G/A	A/A	C/T	C/C	T/C	C/C	C/T	C/C	T/C
S462	M	G/G	G/G	G/A	C/T	G/T	C/C	C/C	G/G	G/A	T/T	G/T	G/A	A/G	C/T	C/T	T/T	T/C	C/C	T/T	T/T
S463	M	G/G	G/G	G/A	C/T	G/T	C/C	C/C	G/G	G/A	T/T	G/T	G/A	A/A	C/T	C/T	T/T	T/C	C/C	T/T	T/T
S464	F	A/A		G/G	C/C	G/G	C/C	C/T	G/G	G/G	A/A	G/G	A/A	A/G	C/C	C/T	C/C	T/T	T/T	T/C	T/T
S465	M	G/G	G/A	G/A	C/T	G/G	C/C	C/C	A/A	G/G	T/T	G/G	G/G	A/G	C/C	C/T	T/T	T/C	C/C	T/C	T/C
S466	F	G/A	G/A	G/A	C/C	G/G	C/C	C/C	G/A	G/G	T/A	G/G	G/G	A/A	C/C	C/C	T/C	T/T	C/T	T/C	T/T
S467	M	G/G	G/G	G/A	C/T	G/T	C/C	C/C	G/G	G/A	T/T	G/T	G/A	A/G	C/T	C/T	T/T	T/C	C/C	T/T	T/T
S468	F	G/G	G/A	G/A	C/T	G/G	C/C	C/C	A/A	G/G	T/T	G/G	G/G	A/G	C/C	C/T	T/T	T/T	C/C	T/C	T/C
S469	F	G/A		G/G	C/C	G/G	C/T	C/C	A/A	G/G	T/T	G/G	G/A	A/A	C/T	C/C	T/C	C/C	C/T	C/C	T/C
S470	F	G/A	A/A	G/G	C/T	G/G	T/T	C/T	A/A	G/G	A/A	G/G	G/G	A/A	C/T	C/C	C/C	T/T	T/T	T/C	T/C
S471	M	G/G	G/G	G/A	C/T	G/T	C/C	C/C	G/G	G/A	T/T	G/T	G/A	A/G	C/T	C/T	T/T	T/C	C/C	T/T	T/T
S472	F	G/A	G/A	A/A	C/C	G/G	C/T	C/T	G/G	G/A	T/T	G/T	G/G	A/A	C/T	C/T	T/T	T/T	C/C	T/C	T/T
S473	M	G/A		G/A	C/C	G/T	C/C	T/T	G/G	G/A	T/A	G/T	G/G	A/A	C/T	C/C	T/C	T/C	C/T	C/C	T/C
S474	M	G/G	G/G	G/A	C/T	G/T	C/C	C/C	G/G	G/A	T/T	G/T	G/A	A/G	C/T	C/T	T/T	T/C	C/C	T/T	T/T
S475	M	G/G	G/A	G/A	C/T	G/G	C/C	C/T	G/G	G/A	T/T	G/T	G/A	A/G	C/C	C/T	C/C	T/C	T/T	T/C	T/C
S476	F	G/A	G/A	G/G	C/C	G/G	C/T	C/T	G/A	G/G	T/A	G/G	G/G	A/A	T/T	C/C	T/C	T/C	C/T	T/C	T/C
S477	F	G/A	G/A	G/G	C/C	G/G	C/T	C/T	G/A	G/G	T/A	G/G	G/G	A/A	T/T	C/C	T/C	T/C	C/T	T/C	T/C
S478	M	G/A		G/A	C/C	G/G	C/C	C/T	G/G	G/A	T/A	G/T	G/A	A/G	T/T	C/C	T/T	T/C	C/C	T/C	T/C
S479	M	G/G	G/A	G/A	C/T	G/G	C/C	C/C	A/A	G/G	T/T	G/G	G/G	G/G	C/C	C/T	T/T	T/C	C/C	T/C	T/C
S480	F	G/A	A/A	G/A	C/C	G/G	C/C	C/T	G/A	G/G	T/A	G/G	G/G	A/G	C/C	C/C	T/C	T/T	C/T	T/C	T/C
S481	F	G/A	A/A	G/A	C/C	G/G	C/C	C/T	G/A	G/G	T/A	G/G	G/G	A/G	C/C	C/C	T/C	T/T	C/T	T/C	T/C
S482	F	G/A	A/A	G/A	C/C	G/G	C/C	C/T	G/A	G/G	T/A	G/G	G/G	G/G	C/C	C/C	T/C	T/T	C/T	T/C	T/C
S483	F	G/A		G/A	C/C	G/G	C/C	C/C	G/A	G/A	T/T	G/T	G/G	G/G	C/C	C/T	T/T	T/C	C/C	T/C	C/C
S484	M	G/A	A/A	G/A	C/C	G/G	C/C	C/T	G/A	G/G	T/A	G/G	G/G	A/G	C/C	C/C	T/C	T/T	C/T	T/C	T/C
S485	F	G/A	G/A	G/G	C/C	G/G	C/T	C/T	G/A	G/G	A/A	G/G	G/A	A/A	T/T	C/C	T/C	T/C	C/T	T/C	T/C
S486	M	G/G	G/G	G/A	C/T	G/T	C/C	C/C	G/G	G/A	T/T	G/T	G/A	A/G	C/T	C/T	T/T	T/C	C/C	T/T	T/T
S487	F	G/A	A/A	G/A	C/C	G/G	C/C	C/T	G/A	G/G	T/A	G/G	G/G	A/G	C/C	C/C	T/C	T/T	C/T	T/C	T/C
S488	F	G/G		G/G	C/C	G/G	C/T	C/T	G/A	G/G	A/A	G/G	G/A	G/G	C/C	C/T	T/T	T/T	C/C	T/C	T/T
S489	M	G/G	G/G	G/A	C/T	G/T	C/C	C/C	G/G	G/A	T/T	G/T	G/A	A/A	C/T	C/T	T/T	T/C	C/C	T/T	T/T
S490	F	G/A	G/A	G/G	C/C	G/G	C/T	C/T	G/A	G/G	T/A	G/G	G/G	A/A	T/T	C/C	T/C	T/C	C/T	T/C	T/C
S491	F	G/A	A/A	G/G	C/C	G/G	T/T	C/T	A/A	G/G	A/A	G/G	G/G	A/G	T/T	C/C	T/C	T/T	C/T	T/C	T/C
S492	F	G/A		G/G	C/C	G/G	C/T	C/C	A/A	G/G	T/T	G/G	G/G	A/A	C/T	C/C	T/C	C/C	C/T	T/T	T/C
S493	M	G/G	G/G	G/A	C/T	G/T	C/C	T/T	G/G	G/G	A/A	G/G	A/A	A/G	C/C	C/C	T/C	C/C	C/T	T/T	T/T
S494	F	G/A	G/A	G/G	C/C	G/G	C/T	C/T	G/A	G/G	T/A	G/G	G/G	A/A	T/T	C/C	T/C	T/C	C/T	T/C	T/C
S495	M	G/G	G/A	G/A	C/T	G/G	C/C	C/T	G/G	G/A	T/T	G/T	G/A	G/G	C/C	C/T	C/C	T/C	T/T	T/C	T/C
S496	M	G/G	G/G	G/A	C/T	G/G	C/C	C/C	G/G	G/A	T/T	G/T	G/A	A/G	C/C	C/T	C/C	T/C	T/T	T/C	T/T
S497	F	G/A		G/A	C/C	G/G	C/C	C/C	G/A	G/G	T/A	G/G	G/G	A/A	C/C	C/C	T/C	T/T	C/T	T/C	T/T
S498	M	G/G	G/G	G/A	C/T	G/T	C/C	C/C	G/G	G/A	T/T	G/T	G/A	A/A	C/T	C/T	T/T	T/C	C/C	T/T	T/T
S499	M	G/G	G/A	G/A	C/T	G/G	C/C	C/C	A/A	G/G	T/T	G/G	G/G	G/G	C/C	C/T	T/T	T/C	C/C	T/C	T/C
S500	M	G/G	G/G	A/A	C/T	G/G	C/C	C/C	G/A	G/A	T/A	G/T	G/G	A/G	C/T	C/C	T/T	T/C	C/C	T/T	T/T
S501	F	G/A	G/A	G/A	C/C	G/G	C/C	C/C	G/A	G/G	T/A	G/G	G/G	A/G	C/C	C/C	T/C	T/T	C/T	T/C	T/C
S502	F	G/A	G/A	G/G	C/C	G/G	C/T	C/T	G/A	G/G	T/A	G/G	G/G	A/A	T/T	C/C	T/C	T/C	C/T	T/C	T/C
S503	F	G/A		G/A	C/C	G/G	C/T	C/T	G/A	G/G	T/T	G/G	G/G	G/G	C/T	T/T	T/T	T/T	C/C	T/C	T/C